Reporter Name,Partner Name,Trade Flow,Product Group,Indicator,1999,2000,2001,2002,2003,2004,2005,2006,2007,2008,2009,2010,2011,2012,2013,2014,2015,2016,2017,2018,2019,2020,2021
India, World,Export,  All Products,Export (US$ Thousand),36919977.135,42358096.158,43878488.724,50097958.247,59360659.088,75904200.367,100352636.503,121200606.221,145898053.464,181860898.3,176765036.339,220408495.991,301483250.168,289564769.447,336611388.774,317544642.257,264381003.631,260326912.335,294364490.162589,322291568.431371,323250726.42472,275488744.927545,394813673.347297
India,Afghanistan,Export,  All Products,Export (US$ Thousand),33403.963,23311.185,20875.274,50111.118,115147.816,167745.065,147923.256,170607.541,218473.14,364859.139,471599.881,392552.27,504565.745,475621.083,513529.971,442875.788,534258.251,472993.248,637905.919538468,725934.625935747,891176.372268519,855243.5956987849,661673.0597051111
India,Albania,Export,  All Products,Export (US$ Thousand),915.305,1121.627,2561.578,2862.253,6530.047,5004.145,5011.584,4158.21,6335.401,11664.724,9140.568,8614.956,13979.46,16864.459,21076.129,19256.127,21941.475,28343.936,24008.0998287604,37045.6179997365,39862.9006388329,48502.3018939658,56507.583952137
India,Algeria,Export,  All Products,Export (US$ Thousand),14442.941,16042.245,27289.646,57003.855,101765.187,205415.676,261813.236,323539.536,340138.003,554944.938,689483.032,771023.087,801228.363,1018106.123,1181075.801,1080276.705,848067.428,859760.566,784572.202714716,943143.270618271,743638.50389781,542734.3104198821,702604.113770751
India,American Samoa,Export,  All Products,Export (US$ Thousand),,155.968,724.84,314.128,263.638,1215.601,312.388,181.989,113.836,201.78,87.177,218.18,2069.66,164.525,169.64,38.549,298.465,73.711,314.6414890668,18.61085470566,129.14931114003,470.6531658144,742.08053852055
India,Andorra,Export,  All Products,Export (US$ Thousand),20.519,41.512,201.276,322.131,40.436,191.035,87.953,107.898,119.678,963.639,193.153,230.538,306.241,92.065,210.08,255.585,56.623,179.802,299.88290103872,355.63746221342,113.64924381162001,18.15430555056,56.53023369645
India,Angola,Export,  All Products,Export (US$ Thousand),5874.948,11337.587,24575.292,32297.161,63958.965,65128.732,103479.06,196228.195,233825.041,330032.863,586221.336,597008.868,536425.244,534863.774,559666.738,610367.819,271631.113,139803.362,233438.43329920102,270028.619912075,288812.308750754,241133.47138947298,408731.604283575
India,Anguila,Export,  All Products,Export (US$ Thousand),,,,,464.598,272.122,65.358,942.184,74.248,127.356,92.012,117.71,170.248,32.768,129.164,38.707,23.868,36.41,381.20731107522,283.73970453395003,39.832855855560005,41.511902586080005,92.40673399545001
India,Antarctica,Export,  All Products,Export (US$ Thousand),,,,,,9.012,46.658,,408.163,0.045,,275.895,66.199,173.559,62.912,2.943,2.161,,,97.87400836994,21.091054023839998,0.32600506496000003,1051.9800037968
India,Antigua and Barbuda,Export,  All Products,Export (US$ Thousand),295.341,100.467,210.931,110.651,4618.18,893.086,1114.422,1413.85,1295.03,3389.796,1968.045,606.696,956.64,1517.495,2052.261,2259.938,2654.842,2206.471,1958.3100228414999,2931.74469746203,2203.7073057840003,1440.2366337969602,2135.47851443235
India,Argentina,Export,  All Products,Export (US$ Thousand),62988.96,88155.377,83688.906,52672.341,76423.889,105429.726,258971.08,208447.051,261677.131,380750.126,247978.562,375730.782,462882.953,502826.268,671803.8,499436.13,516569.551,510652.659,659769.467948955,625684.633768587,633884.224013715,739110.8448504,1186969.9302607
India,Armenia,Export,  All Products,Export (US$ Thousand),664.239,775.827,1807.938,1915.76,3335.269,5490.016,8666.704,9170.31,14883.508,22844.682,16633.467,16956.131,33536.498,42106.934,63211.314,95888.575,37063.016,31639.591,32892.929061923,26903.670287013603,37979.6611444377,45225.5808113379,55024.9366453161
India,Aruba,Export,  All Products,Export (US$ Thousand),,,,,138.319,424.709,545.034,1481.09,532.884,1642.956,1563.14,1673.215,2551.461,2559.843,3637.606,3421.621,6521.694,8264.534,6463.992710705,8607.720916687309,9346.388880873541,4836.0040391632,5000.382796772849
India,Australia,Export,  All Products,Export (US$ Thousand),403364.887,397404.568,398279.751,486796.024,557988.995,661559.238,826594.105,886630.922,1083024.831,1347331.524,1410196.924,1650865.377,2095772.494,2633033.585,2397685.499,2593527.772,3252811.47,2948411.82,3875783.0629246896,3731719.3856754196,2973868.32282785,3471126.90338044,6917333.24035584
India,Austria,Export,  All Products,Export (US$ Thousand),75533.451,75074.45,80335.894,81581.731,91412.559,118034.63,131272.535,132299.97,162602.065,506090.415,271567.741,706757.032,330355.311,316558.882,369360.065,367373.091,329506.311,379710.115,436845.516478911,477121.331832682,459878.67518062,442975.47823027003,564942.733501395
India,Azerbaijan,Export,  All Products,Export (US$ Thousand),7388.128,11038.514,11552.432,8398.426,10299.746,22736.505,34191.256,25597.826,23365.235,29550.985,35930.256,28128.648,58369.768,91419.574,123226.237,112074.42,59577.508,31627.279,41578.2106091974,37721.503502311294,54534.2973387493,45888.4562023106,42294.6667228947
India,"Bahamas, The",Export,  All Products,Export (US$ Thousand),1419.947,2764.534,707.467,1394.212,4789.305,5247.479,8375.657,26953.054,42857.884,14411.955,498411.609,2000705.827,2439430.411,2440088.189,773375.728,114034.004,4417.982,5725.168,7355.0157488074,5749.08942933276,8442.80750790081,55878.5740626865,7350.794743382699
India,Bahrain,Export,  All Products,Export (US$ Thousand),60564.56,68819.352,79454.809,91636.981,100949.165,145026.201,204714.514,145826.849,256434.757,283153.844,253548.349,609004.406,387245.196,612051.83,688695.708,476030.741,549458.659,475375.854,492861.440912112,718506.473616272,607945.5374804459,457030.986236334,899873.914257204
India,Bangladesh,Export,  All Products,Export (US$ Thousand),639999.072,775716.511,1063045.606,1025501.793,1652973.207,1613026.886,1719788.65,1667809.399,2063793.277,3243375.89,2177375.137,3016574.705,3405515.54,4936672.398,5993949.592,6255234.93,5521517.617,5668792.841,7210099.516900931,8739349.24333243,8242923.36668904,7912820.545213589,14092748.0876706
India,Barbados,Export,  All Products,Export (US$ Thousand),3584.371,4322.303,1014.334,2570.421,1281.284,1236.061,2544.424,2647.681,2234.614,3713.345,4036.06,5052.298,7002.691,6494.767,6656.58,9416.247,9826.413,13278.055,12017.6163735334,12132.1147074077,13256.5224508798,10410.4929870776,14204.937040475801
India,Belarus,Export,  All Products,Export (US$ Thousand),2371.564,3805.313,2428.7,4882.542,6489.444,8628.7,12577.35,14307.214,18411.807,29072.712,42171.738,29790.913,127180.17,56684.067,58196.603,51090.016,34250.564,41860.424,44836.893567841296,55905.7022944324,56036.089316639605,58922.0653049632,71092.02050597369
India,Belgium,Export,  All Products,Export (US$ Thousand),1343882.257,1428802.563,1400853.413,1618596.199,1774780.86,2212858.71,2788429.474,3326620.567,4037574.589,4717944.168,3550974.446,5025884.875,7395367.496,5558479.851,6855062.831,5894950.519,5005521.153,5356387.093,6219889.93200319,6805936.25553814,6184548.447246781,4565324.1047820905,9055695.032355819
India,Belize,Export,  All Products,Export (US$ Thousand),430.309,894.532,193.195,558.84,2583.136,1087.978,2471.026,1794.762,1777.028,6843.666,1881.281,10847.404,24103.264,24480.914,25898.669,23109.94,15829.695,15167.501,14763.7451610681,14265.922957536,16298.1629910415,9398.857653702718,13178.527574635002
India,Benin,Export,  All Products,Export (US$ Thousand),28533.296,41076.746,51006.18,61978.738,61158.454,40736.453,90995.529,135208.788,219949.431,244255.285,195962.451,262333.412,602439.105,432552.215,875357.601,529631.053,407592.946,440621.41,483565.78102652595,384008.68731074,418363.80171554704,440497.78589864,608322.020726004
India,Bermuda,Export,  All Products,Export (US$ Thousand),688.93,532.224,479.475,293.716,290.197,777.521,372.87,746.675,950.704,701.186,930.246,891.111,967.503,1298.683,2249.098,3115.591,2345.159,4049.57,3457.77407081394,3166.3472353806796,2453.7170825829303,3160.21920451904,6054.575443100401
India,Bhutan,Export,  All Products,Export (US$ Thousand),7618.641,1087.003,5965.033,23119.47,84919.382,87006.3,95127.99,63804.763,70837.989,106121.651,108475.574,159214.611,219076.985,170757.632,161666.858,200365.954,375222.536,374212.669,401677.298041854,652428.899318477,694305.4432419899,623079.42447761,867703.5367156039
India,Bolivia,Export,  All Products,Export (US$ Thousand),834.777,1749.827,1299.683,1868.089,2362.404,4798.389,5691.293,6381.415,6626.807,9500.817,8328.278,13539.183,21885.265,49088.88,57460.697,68422.574,75647.695,71404.083,98618.332156848,99557.6279393281,121006.297944682,84954.9913043742,133657.131047086
India,Bosnia and Herzegovina,Export,  All Products,Export (US$ Thousand),283.367,129.14,1071.694,2525.758,1976.969,4034.135,1171.886,2093.571,4240.498,5096.123,3608.76,2397.958,5146.866,6300.692,11076.606,18107.421,17898.487,16690.41,13245.1037269147,17149.4231184458,15847.604963095,14059.2122941045,17121.2981485052
India,Botswana,Export,  All Products,Export (US$ Thousand),,4783.716,5256.247,3815.497,4958.165,6888.52,11646.378,12363.684,13649.04,23308.966,21069.485,34497.025,45370.231,54116.906,59307.661,50544.69,44991.472,73557.56,96760.05262881669,145588.89218033,196404.99371486602,149346.04553805,268360.424343406
India,Brazil,Export,  All Products,Export (US$ Thousand),135777.48,192288.207,230498.296,361176.832,388209.249,541043.616,969811.754,1498120.976,1899789.995,3250049.801,1781931.185,3669558.111,5391310.109,6162711.654,6111835.66,7140521.869,3099148.015,2300194.955,2867436.33372571,3576959.56121205,4113988.0542972498,3675781.05953733,6262205.22559845
India,British Virgin Islands,Export,  All Products,Export (US$ Thousand),289.161,442.521,202.749,155.936,2237.35,195.343,560.628,760.548,410.75,373.989,115764.261,206.549,1114.694,536.972,519.212,411.415,942.519,588.131,628.75858640196,10686.4392533798,380.76983449149,347.86641946992,381.0039371496
India,Brunei,Export,  All Products,Export (US$ Thousand),1301.458,3056.897,2210.375,4649.185,4863.002,4956.422,4395.0,44462.253,8814.336,17154.636,25301.688,21239.122,870605.991,33395.531,40253.155,42478.62,30391.574,37447.855,48027.0617658868,66300.8995870901,56810.177402542504,60050.926188683196,48524.057833361796
India,Bulgaria,Export,  All Products,Export (US$ Thousand),7386.216,9171.362,9884.441,9999.325,13419.789,34395.084,20940.507,35443.626,63356.386,76399.987,50694.53,60684.684,103368.129,140382.698,189451.992,231446.88,183317.491,226822.407,152197.095506961,193910.90989865802,165574.75022717402,149794.644287986,227390.310729179
India,Burkina Faso,Export,  All Products,Export (US$ Thousand),4413.935,5513.844,7859.303,16456.596,22848.609,17406.075,22230.368,18020.144,21138.066,53092.536,37601.078,36505.876,79439.535,79564.045,113716.464,113898.727,99019.831,120131.228,140705.62333720698,167190.39315874001,169288.193343472,189309.310042294,200319.426544368
India,Burundi,Export,  All Products,Export (US$ Thousand),1500.261,2521.582,3191.38,4401.117,4656.662,6116.755,10341.184,8650.463,7996.853,11839.067,11369.739,17247.999,21267.783,31994.019,33655.434,30823.547,29764.342,30196.791,44537.4936551456,43356.288248103,56704.7521465107,64240.343721628895,61799.11602831
India,Cambodia,Export,  All Products,Export (US$ Thousand),7900.189,7885.584,10544.804,16969.067,20270.011,16753.599,21350.406,48089.143,44826.181,53853.828,41564.206,61045.949,89567.147,110084.585,136765.091,154065.128,145346.062,109282.945,120309.416763767,179178.33912623598,204000.010185965,144042.57804793998,193789.92588892402
India,Cameroon,Export,  All Products,Export (US$ Thousand),6180.786,9395.354,11996.355,20242.179,21972.721,21053.489,35857.665,67767.827,73919.062,94684.27,69118.058,112959.022,167852.457,240184.325,308834.665,230965.431,212609.638,153853.635,191845.328665595,164973.877240167,216383.348162247,253899.868805734,390835.60534697905
India,Canada,Export,  All Products,Export (US$ Thousand),581467.165,643398.466,576740.487,686050.971,721768.104,824650.408,991106.837,1124705.174,1183970.931,1380024.922,1172273.267,1251410.125,1876570.146,2013612.639,2306880.412,2166283.624,2081218.738,1970163.41,2316419.82222365,2791064.16265661,2901550.2654569503,2812148.02578544,3557180.31986797
India,Cape Verde,Export,  All Products,Export (US$ Thousand),16.839,16.373,99.307,90.1,90.621,66.844,673.018,189.159,349.117,353.599,591.215,534.843,610.134,943.342,943.109,4219.136,1455.993,1399.254,1383.36268043116,1474.04480062835,2190.96907426425,3251.66560119264,3640.79839736985
India,Cayman Islands,Export,  All Products,Export (US$ Thousand),100.996,122.223,452.804,100.999,4199.181,674.935,483.206,323.882,622.521,597.028,789.311,312.276,948.485,334.717,2232.46,8171.772,2408.621,5141.503,4153.212200327021,4460.78072550199,5495.81425448466,4696.15521521392,6768.0006208263
India,Central African Republic,Export,  All Products,Export (US$ Thousand),284.99,631.316,739.563,2430.617,1465.463,771.296,897.501,2616.808,1287.385,2053.774,1869.257,5937.015,4609.418,7149.384,11018.232,6380.625,8976.971,10216.617,30852.160566272698,24965.5916896974,54981.7584043545,21472.489813661898,21130.6820783884
India,Chad,Export,  All Products,Export (US$ Thousand),5806.788,3702.402,4604.411,903.105,2707.316,3150.745,3357.939,18285.568,14277.898,16586.064,6135.373,10988.101,34668.14,23764.245,76994.14,35222.898,52816.308,37400.112,26121.0111644401,30722.4882719355,52395.842320833,61825.437505043905,56407.4179216646
India,Chile,Export,  All Products,Export (US$ Thousand),69007.838,102882.829,85602.679,78227.502,71689.408,104662.925,142084.306,176890.351,228543.171,414645.176,261559.088,480949.779,510655.908,650023.12,704383.809,618711.45,665245.516,652730.227,743988.839976426,927400.893577059,875393.747307423,738078.208595013,1128135.35390866
India,China,Export,  All Products,Export (US$ Thousand),542008.536,734887.748,922542.343,1531603.805,2567161.904,4098514.365,7183792.308,7829167.581,9491978.178,10093926.793,10370052.494,17439991.278,16717786.256,14729316.558,16416825.29,13434250.522,9576578.798,8916072.981,12495230.459552798,16365814.3761518,17278832.6800489,19008266.7390196,23036597.2556752
India,Christmas Island,Export,  All Products,Export (US$ Thousand),234.921,140.613,43.053,399.084,117.99,652.687,28.816,90.202,2221.086,190.149,1584.274,1183.761,15.551,28.644,,,34.411,,,,4.00058097258,,
India,Cocos (Keeling) Islands,Export,  All Products,Export (US$ Thousand),554.004,218.804,423.761,258.778,1123.567,405.771,133.491,140.736,84.368,1.676,6.148,923.072,833.376,50.637,5.012,,,19.259,,,,0.5858833968,
India,Colombia,Export,  All Products,Export (US$ Thousand),33551.617,44075.254,49356.784,63506.724,72020.128,271739.663,417070.099,562133.775,561946.252,571264.378,361379.865,507872.055,822313.242,927702.668,1043653.135,1125150.956,963491.609,767224.75,910549.825929002,1079385.12322363,1037460.62355894,830307.7556051151,1317624.37742455
India,Comoros,Export,  All Products,Export (US$ Thousand),1408.892,1272.692,1896.781,6475.781,2047.607,2503.497,3565.602,5912.65,8891.852,12857.504,20247.541,9375.812,9819.575,19184.068,16792.427,16475.193,15834.236,20460.936,20107.8902219532,28769.6083049764,19396.561036893698,17323.3029676976,21157.209928981698
India,"Congo, Dem. Rep.",Export,  All Products,Export (US$ Thousand),4972.095,4262.798,3547.925,3826.364,12195.896,1674.688,2890.756,1759.148,3251.72,3802.394,17663.211,11167.686,6708.845,120749.6,145160.146,220740.489,322809.07,234223.932,209081.173226827,278447.930786296,356344.077932402,357943.773513933,574775.769929772
India,"Congo, Rep.",Export,  All Products,Export (US$ Thousand),22488.014,37478.838,37859.002,47450.783,60432.492,81857.736,106145.436,137801.228,137942.565,209253.693,195701.574,203489.101,352359.209,221146.544,232170.504,225702.766,206403.649,146388.026,116642.36846649,129447.91049784601,113766.585413176,106553.788740737,145335.640437775
India,Cook Islands,Export,  All Products,Export (US$ Thousand),,42.206,29.923,27.155,46.714,137.023,83.976,13.044,120.74,86.186,64.932,53.449,61.456,83.714,68.967,90.529,306.836,149.428,166.53272207368,271.67131686353,319.67841106151997,67.50552828784001,53.51808578715
India,Costa Rica,Export,  All Products,Export (US$ Thousand),2653.855,5718.993,7008.789,11142.825,19201.804,15697.825,15657.37,19691.472,26841.652,39658.884,29116.934,51745.529,63498.882,77692.261,84503.317,93592.192,124159.315,147801.797,134091.19723431,145492.780115595,131400.683799501,112225.969935269,144101.187361116
India,Cote d'Ivoire,Export,  All Products,Export (US$ Thousand),34691.888,37746.976,50436.344,56716.133,95136.897,62108.461,138037.183,123433.536,249255.369,111064.282,109696.858,109571.262,193710.25,422699.536,360733.013,288347.64,385467.105,383257.226,537685.593170678,442581.89162554505,428584.986811884,499083.575246756,727998.487846793
India,Croatia,Export,  All Products,Export (US$ Thousand),5321.18,5561.423,4321.335,8243.243,14796.247,20829.135,26942.162,47325.765,64579.223,87992.425,84670.485,88820.321,121790.929,113933.228,150172.474,191845.21,116477.942,117898.59,166753.433049457,150009.16764723702,144916.360238639,137436.62947011,316472.087268962
India,Cuba,Export,  All Products,Export (US$ Thousand),2958.303,4367.474,5243.721,5265.209,5044.236,6150.429,11709.118,17934.49,15455.334,37637.419,22266.64,23868.765,36869.933,34785.186,38538.497,36303.779,52520.126,39260.151,45695.931797139,38105.0013951146,51426.6012041969,20140.314006205397,26074.1300532485
India,Cura√ßao,Export,  All Products,Export (US$ Thousand),,,,,,,,,,,,,43538.769,55540.841,72461.737,45104.798,38895.254,38175.391,41018.7869267793,27856.5783579376,32834.5316998514,19280.7100819357,27493.950823699797
India,Cyprus,Export,  All Products,Export (US$ Thousand),35761.477,33192.509,31366.255,24074.432,26660.026,27600.06,33068.004,34270.789,38473.055,160324.746,141245.43,43230.532,50492.763,58084.463,67545.667,55035.954,60174.837,72388.295,96181.40413675169,64744.5406787576,441142.81093935604,85502.45133386961,81955.3540016885
India,Czech Republic,Export,  All Products,Export (US$ Thousand),33948.026,36144.072,40657.498,52583.188,80344.623,74570.114,111054.522,91973.088,161472.325,183178.607,163046.903,198335.257,265051.359,256009.354,394082.812,397288.131,448052.829,535033.798,393117.84030228504,414201.789241897,467418.32064629695,495889.76303925103,575588.797728049
India,Denmark,Export,  All Products,Export (US$ Thousand),212316.879,165939.313,154155.129,169107.517,217554.2,285090.622,389442.4,451891.032,475953.534,565291.47,588547.651,626676.292,775835.671,708078.38,816132.154,748398.52,676298.585,698118.327,760304.016949721,743249.682771348,752192.48386942,698432.649655229,920571.161352679
India,Djibouti,Export,  All Products,Export (US$ Thousand),11046.085,20893.164,15385.193,30306.024,52848.642,116516.754,194640.547,339877.984,404998.65,394046.486,249251.661,298132.221,445124.073,391401.083,382898.109,297623.108,204177.619,270592.098,274356.839937038,858924.0750911911,357249.396088368,337351.143680197,643782.6492176469
India,Dominica,Export,  All Products,Export (US$ Thousand),2432.088,5367.418,1995.154,2685.133,1893.46,1737.66,2319.239,3304.538,1980.818,2946.934,2998.658,2950.895,2274.505,2308.366,2527.785,2374.991,1727.845,2419.978,1675.0808055868602,1643.32296124505,2329.7455921377,1287.90753258752,2878.1840059467
India,Dominican Republic,Export,  All Products,Export (US$ Thousand),11320.816,10707.163,12585.496,16384.688,13067.585,17464.878,31352.249,36012.917,35167.651,54478.41,48203.12,79112.336,101310.363,109251.607,128740.341,139563.163,162835.763,220990.464,195834.610982618,212243.877777224,222985.639148166,188929.25798511202,300430.502894446
India,East Asia & Pacific,Export,  All Products,Export (US$ Thousand),8023567.129000001,9061162.407000003,9326589.714000002,11554365.302000003,14273084.009999998,18783417.287,26946738.187,31379524.377999995,36797662.89300001,46528648.17100001,44496249.51599999,61240166.002,76619070.92,72785078.847,82870058.54300001,71824098.89,60192281.78599998,59235011.49,76207218.90523185,79497539.75016078,76040619.96039428,70814087.73247576,95844108.59910181
India,East Timor,Export,  All Products,Export (US$ Thousand),,6004.438,1306.891,584.71,1306.304,1262.614,851.855,424.236,229.157,748.856,1152.749,538030.678,4943.465,4645.53,2506.309,3208.287,2892.447,2348.125,3533.7168235515796,3961.9750725598296,6620.29186734783,16338.240159918601,28839.0412614391
India,Ecuador,Export,  All Products,Export (US$ Thousand),2271.533,7371.45,10645.992,12283.245,12452.936,19360.927,28455.244,45654.212,50247.376,92876.25,112641.219,112372.148,229673.209,172117.62,317020.133,297691.217,173348.825,165236.443,264395.80531250703,305703.37216172804,259267.842189393,194983.22428235,295955.466818915
India,"Egypt, Arab Rep.",Export,  All Products,Export (US$ Thousand),238127.398,310458.545,507621.474,282748.615,343586.315,415006.833,581076.46,735942.819,1192242.334,1762406.023,1374131.355,1929806.132,2120452.648,2828652.467,2900827.609,3136177.936,2357285.874,2089418.969,2345392.4083596,2794931.2528919904,2658647.5564516904,2149073.05216525,3279669.1072432096
India,El Salvador,Export,  All Products,Export (US$ Thousand),3022.6,2954.082,2682.764,3363.726,5588.865,7467.14,11740.283,17931.041,11541.932,16808.374,12669.313,20049.254,34549.007,51553.944,73479.899,60424.015,69135.084,59320.201,66009.3794467706,77670.7843353051,78424.7487433583,75498.0666375899,148169.382703215
India,Equatorial Guinea,Export,  All Products,Export (US$ Thousand),18.26,143.314,435.829,214.852,653.107,3313.25,6508.683,3865.917,9167.221,7633.947,7236.255,8638.38,16724.995,19460.794,22732.214,14361.508,14002.289,15951.501,11015.4879255945,11204.9252954676,10075.303322112299,13894.4638318088,13845.5675357284
India,Eritrea,Export,  All Products,Export (US$ Thousand),,,,,9511.159,7971.552,6912.381,8029.362,102693.55,20990.583,7199.811,44150.967,22421.994,29063.864,17234.317,14202.452,7028.87,4679.591,6973.913911943299,9520.62168803025,5809.02043229115,8680.60320796576,8817.0624493764
India,Estonia,Export,  All Products,Export (US$ Thousand),6535.106,3173.026,3408.038,4260.337,5056.152,8784.644,12877.769,21400.698,66070.941,48547.082,32338.137,45385.701,99621.803,99721.425,84439.432,68341.268,69935.879,85663.553,87461.9230218846,63846.2210560171,71822.14794330791,51091.582262166405,59457.711295850095
India,Eswatini,Export,  All Products,Export (US$ Thousand),,1450.079,1271.779,6985.283,29884.586,26767.424,3983.992,5689.866,6800.276,14790.545,42959.994,26967.059,85934.373,46507.092,27397.95,26247.703,66682.417,38951.947,33134.7328681121,21740.2524180566,17773.216820477002,26412.2705303235,23829.6457319287
India,Ethiopia(excludes Eritrea),Export,  All Products,Export (US$ Thousand),57668.591,51182.99,96399.72,68511.435,79370.308,55382.195,66334.109,109519.627,163427.1,216571.124,283257.682,261601.473,425227.83,643453.613,953821.255,762769.581,763908.565,830628.645,711699.497146695,713106.1072870131,822418.26767564,666704.4068340741,723452.011220108
India,Europe & Central Asia,Export,  All Products,Export (US$ Thousand),11339191.305,12084388.357000003,12062908.147999998,13059211.862,15429015.334,19123403.868000004,25296460.649000004,29163869.945,35766937.88399999,43992474.76699998,39795692.22299999,46443828.074,62079337.546,57024207.69,66646632.77299999,61904956.46599999,52928802.718,54174119.60500002,60421362.61866525,67422939.65396424,66302376.56270739,55157957.44680267,82888906.19969428
India,Faeroe Islands,Export,  All Products,Export (US$ Thousand),99.232,18.762,45.827,15.927,519.278,93.227,150.387,461.322,180.622,101.54,121.381,612.118,846.02,1370.042,3534.116,2661.736,1278.033,1110.377,251.23596191293998,2064.8516573737497,1904.4190565962501,261.64434599296,236.30482543005
India,Falkland Island,Export,  All Products,Export (US$ Thousand),,24.471,0.067,36.08,158.267,29.356,42.592,32.976,58.497,99.013,36.323,39.44,590.323,777.899,1.149,,3.081,,,1.41004870361,79.87973076195,0.05578681824,1.63546319235
India,Fiji,Export,  All Products,Export (US$ Thousand),16234.215,11714.894,12804.707,24473.082,20607.942,23697.066,32048.578,43271.706,35119.057,101825.698,26299.849,29148.133,35797.401,38934.856,51896.513,51103.62,45165.902,49225.3,53293.783841461,59853.394263331196,57544.6203591296,44344.9956027741,54340.691594667005
India,Finland,Export,  All Products,Export (US$ Thousand),58116.716,56119.569,71648.389,66920.071,96265.934,133205.31,201665.635,190835.529,218953.488,265970.996,207999.136,237552.782,307577.057,312573.053,451828.617,357380.684,243855.872,263343.338,286289.594905487,261652.138626243,267097.723468007,267027.37555511703,340822.99374905403
India,Fm Sudan,Export,  All Products,Export (US$ Thousand),71908.286,85336.423,125172.635,107998.007,97879.842,249030.488,331996.166,365157.633,355730.713,466620.389,462380.813,487830.212,711654.613,,,,,,,,,,
India,Fr. So. Ant. Tr,Export,  All Products,Export (US$ Thousand),,4.142,,,30.925,,13069.354,55.258,9.708,1.815,0.744,2.287,,16.04,5.278,,61.484,,,,,,
India,France,Export,  All Products,Export (US$ Thousand),908872.113,975662.222,988893.972,1038845.651,1193968.126,1567638.572,2015680.07,2158615.629,2448933.563,3086397.514,3305271.738,4903030.207,5045983.502,5020327.117,5597194.345,5093448.922,4819482.434,4867882.879,5037498.1287877,5275477.3118463,5434291.329387,4363547.82278466,6130378.63061772
India,French Polynesia,Export,  All Products,Export (US$ Thousand),53.693,12.374,99.096,224.926,54.708,729.15,467.272,1568.421,2148.299,1775.204,778.072,925.107,12047.081,1815.11,2794.533,3022.358,3704.239,4108.261,6709.5450593,5451.48742827903,5269.54697022195,4939.77114818016,9176.48634196875
India,Gabon,Export,  All Products,Export (US$ Thousand),4366.753,5035.82,5725.858,8833.765,18418.791,9780.604,15627.321,15183.779,23249.343,22194.794,19895.508,34546.351,47482.148,55380.667,63376.761,40606.815,37830.602,42487.579,44400.4071121452,51553.7689956873,49649.8013084644,52334.2667018289,56149.2578526986
India,"Gambia, The",Export,  All Products,Export (US$ Thousand),16051.814,15110.233,13184.242,14356.689,12345.25,14511.543,17753.179,21058.1,29947.498,27759.866,33669.044,37642.176,63269.169,57024.788,75343.364,88617.09,55572.524,60654.861,108057.87777128699,146329.54922855,145456.622845355,116358.64152813201,154755.20514394098
India,Georgia,Export,  All Products,Export (US$ Thousand),1424.665,2449.688,5334.957,19920.865,25238.413,29858.495,32667.383,40433.551,58866.749,106774.894,41736.8,66668.967,125411.841,117072.846,107320.345,98525.617,73224.12,95320.368,74930.207129547,103315.508421951,89768.5661898767,98673.0513567209,146789.372685562
India,Germany,Export,  All Products,Export (US$ Thousand),1743289.326,1821696.472,1784762.637,2030031.065,2357426.184,2683453.712,3483160.508,3851692.856,4726288.52,5915161.038,5848328.691,5989521.916,8260406.474,7133756.9,8081319.802,7745248.863,7023455.483,7178090.821,8233600.5246392805,8948016.11634583,8569824.58885657,7656984.753241239,9513605.686153311
India,Ghana,Export,  All Products,Export (US$ Thousand),62295.332,56405.263,64258.673,96374.906,169520.903,168098.937,201865.114,280549.585,767890.174,551296.772,383164.252,511062.245,789241.902,749200.895,910062.677,670382.756,641964.288,712148.003,637313.9551422531,729232.922667429,602579.176825687,749161.824491871,1099173.8023830699
India,Gibraltar,Export,  All Products,Export (US$ Thousand),613.992,589.851,348.572,285.284,1805.14,669.325,347.239,528.566,1160.767,8448.471,285126.091,422781.859,301092.72,67337.852,508.164,574224.486,1021023.527,1665331.26,224970.442985947,308258.396614417,973974.5880145,263467.627182524,261770.092905515
India,Greece,Export,  All Products,Export (US$ Thousand),90444.738,103756.211,111354.992,126703.305,186658.615,278827.609,460827.071,757168.796,437907.509,759884.204,650208.074,320406.887,798112.924,354225.618,358966.111,363042.5,318186.078,354343.321,423343.609738976,487540.104347254,451996.620142624,454287.94816693,951628.799078695
India,Greenland,Export,  All Products,Export (US$ Thousand),179.621,166.551,516.612,68.899,5.848,190.986,8.831,3294.932,36.644,24.711,443.138,56.853,177.403,438.967,1788.191,1143.642,8991.407,0.033,7.1527578917,0.528857746,29.99867549835,1112.19077550624,1398.7342878096
India,Grenada,Export,  All Products,Export (US$ Thousand),88.767,363.477,398.792,562.876,642.898,245.158,700.576,964.121,1164.866,500.691,534.728,823.455,1076.177,891.425,1384.524,1534.351,1863.679,2598.055,2908.1297121477,2831.55119498665,3373.59560784042,2056.03690963008,4374.0804677268
India,Guam,Export,  All Products,Export (US$ Thousand),,113.333,780.349,272.225,407.773,948.773,370.11,286.105,503.364,513.916,600.982,1696.974,1489.823,1329.876,440.857,238.138,448.33,522.56,746.0496870730401,642.64736300256,886.90809999726,912.51972439056,1495.9576802298
India,Guatemala,Export,  All Products,Export (US$ Thousand),14517.781,18205.399,18245.521,16443.969,25339.867,30131.223,47707.15,69160.42,63439.288,91344.062,77008.9,109172.768,170536.389,221995.79,236959.988,221723.596,255344.491,239637.652,281657.812146728,305907.01389165403,290790.14828776097,299416.01551702,519807.577660993
India,Guinea,Export,  All Products,Export (US$ Thousand),9551.195,11041.412,18180.957,38776.411,28927.789,44922.439,56115.24,81188.551,116807.331,87122.464,76032.592,79226.267,138203.528,189085.873,220894.13,256182.702,271195.968,331087.953,365371.95301245304,405718.255490029,351480.206821597,454012.740708274,596006.268068203
India,Guinea-Bissau,Export,  All Products,Export (US$ Thousand),9034.79,13376.72,9306.609,5514.925,3367.176,881.348,376.853,820.167,3767.343,1846.431,34916.157,3627.704,7048.774,11169.064,16789.277,17595.188,11591.347,22045.537,12821.1752445687,8065.53766477972,12378.9640160858,11720.7763932117,15814.2410319999
India,Guyana,Export,  All Products,Export (US$ Thousand),2417.913,3981.006,3406.754,3638.085,3997.523,5784.765,10910.745,10670.194,11972.687,13416.855,12913.752,16392.148,21132.727,21206.444,25145.12,23398.669,24809.615,19352.13,23167.468600039898,31696.890538761898,25018.9965015927,24282.3601800368,67368.4182174926
India,Haiti,Export,  All Products,Export (US$ Thousand),3153.166,4993.278,6553.679,10779.778,7889.115,8637.647,15743.276,19086.717,23438.279,44660.107,34543.912,58338.083,46995.574,61589.215,63259.279,73358.502,75127.395,65726.53,92281.0396818853,81775.3250806059,67423.0853161791,89484.7571371621,104033.024319064
India,Heard Island and McDonald Isla,Export,  All Products,Export (US$ Thousand),,,,,,43.387,54.408,11.706,13.16,,0.401,8.988,431.792,1.176,27.669,57.43,,,,62.11501429688,,,
India,Holy See,Export,  All Products,Export (US$ Thousand),,,,,,,,,,,,,,,,120.856,53.662,,63.46803152766,112.07648313877,36.29427592023,65.8463102976,33.9671230932
India,Honduras,Export,  All Products,Export (US$ Thousand),12791.879,15323.4,11111.61,21946.837,10458.993,19022.876,27472.523,93414.655,100641.756,82267.574,46855.671,58175.242,84631.065,110800.151,114339.595,161922.108,170674.806,141826.092,141836.990251329,158382.36761911403,186366.855702205,139090.511495847,304104.503224865
India,"Hong Kong, China",Export,  All Products,Export (US$ Thousand),2503530.527,2752617.788,2416783.467,2334788.995,3416687.968,3343977.126,4436316.018,4478267.391,5844994.337,6770545.478,7155708.493,9508276.449,12585973.65,11940401.881,13666555.322,13412017.85,12146939.702,13209853.311,15020619.619183,13132015.2311973,11478401.2470244,9537368.59919202,11290061.1119194
India,Hungary,Export,  All Products,Export (US$ Thousand),31888.954,39431.19,42108.976,50719.781,77031.936,112275.616,86933.026,90636.45,188719.392,313707.259,403646.397,197118.911,303587.139,317232.075,363883.363,352883.746,345288.357,389062.606,400144.469942371,440727.691240022,443111.502316055,456946.968716621,545268.545331635
India,Iceland,Export,  All Products,Export (US$ Thousand),2982.414,5376.763,5050.555,7269.686,16172.757,14449.322,12102.623,12743.509,11615.201,13606.569,13999.98,85921.418,31585.498,26197.671,21521.335,20374.775,18803.105,19829.34,5884.8237276726995,19352.730361923503,19188.298810179902,11847.3671184506,11330.7485325294
India,Indonesia,Export,  All Products,Export (US$ Thousand),324783.357,390370.824,476779.146,769612.025,1039615.005,1205593.552,1390065.915,1869806.023,1878195.502,2659313.619,3002990.685,4557082.702,6400247.75,6021917.537,5557938.59,4444760.181,2868880.044,3131502.885,3762670.4514991296,4789598.68246516,4515383.35926091,4363741.89963054,8089416.23345441
India,"Iran, Islamic Rep.",Export,  All Products,Export (US$ Thousand),152955.995,187336.71,253275.566,492185.091,892990.327,1184997.362,1072988.411,1617340.007,1845260.439,2335908.441,1949088.204,2509258.295,2462294.501,2572133.75,5433900.674,4404314.338,3126868.843,2412534.962,2596780.5207996303,2843528.31241648,3855008.0826743497,2243732.52478146,1284000.57951652
India,Iraq,Export,  All Products,Export (US$ Thousand),49681.939,67810.082,160528.992,263067.658,75404.884,114837.872,131133.349,212405.089,197322.03,379945.235,532990.435,688228.934,676195.784,1268383.259,978089.259,786662.373,1135282.929,973692.609,1257756.27161431,1852833.74369605,2019034.38057094,1457956.01380869,2032421.05560071
India,Ireland,Export,  All Products,Export (US$ Thousand),80354.241,98535.579,99025.136,133868.499,143773.437,182360.074,227524.602,281797.811,299372.696,404537.029,313982.811,264656.915,385858.477,389427.668,434649.01,731158.224,509927.618,496421.308,517639.057380263,537919.2412529449,547112.659461566,542886.754166928,648467.286268353
India,Israel,Export,  All Products,Export (US$ Thousand),500097.456,519478.746,393835.902,583366.021,743658.535,888356.11,1133325.403,1296283.897,1543454.548,1604346.206,1624868.31,2798292.395,3680763.634,3804274.647,4016549.698,3581833.28,2917035.907,2913649.845,3265190.68268563,3774701.7405837597,3608901.7868435504,2599261.12930422,4377883.493744429
India,Italy,Export,  All Products,Export (US$ Thousand),1125742.292,1266763.017,1267819.337,1268737.582,1581420.44,2041334.395,2528081.572,3386163.996,3779749.213,3999857.886,3297539.147,4187700.326,5049008.564,4294288.476,5617485.865,5445502.596,4228312.784,4463936.934,5655095.06980069,5518231.19651285,5189870.93619318,4347915.87100097,7703597.01602557
India,Jamaica,Export,  All Products,Export (US$ Thousand),3931.463,6118.836,7695.452,10136.146,8529.096,12103.436,15383.467,26991.335,23799.773,21099.357,20800.051,21232.901,25831.857,31022.532,36797.09,36348.542,41250.472,42136.188,49916.4196664439,54855.8830576415,56613.6762662768,57646.647103828305,77525.8374819906
India,Japan,Export,  All Products,Export (US$ Thousand),1693518.188,1827671.111,1551243.999,1786976.699,1709802.305,1847647.501,2455238.945,2804219.727,3263388.699,3624208.847,3215708.76,4805076.573,5592607.804,6415550.048,7325476.418,5756878.753,4529718.159,3827283.045,4497961.92150561,4738145.69089227,4815593.351370051,4043285.1225448297,6077162.68302459
India,Jordan,Export,  All Products,Export (US$ Thousand),63125.373,72072.414,78619.503,92644.92,146604.885,125506.926,171770.647,181880.259,196364.576,511924.841,286535.398,375318.343,751372.005,757152.63,1697954.133,1613056.532,535078.939,460901.622,496498.889149768,518353.350452135,1053858.53803555,613644.371870666,849199.52043784
India,Kazakhstan,Export,  All Products,Export (US$ Thousand),27355.615,38640.559,54450.845,45600.282,55527.708,90694.321,90256.276,86616.146,93738.504,131587.379,133931.702,146211.519,236116.771,262960.503,275731.601,237905.994,168372.012,125026.101,118499.913744739,138499.820131099,193684.391410002,225723.705077189,207456.23997424598
India,Kenya,Export,  All Products,Export (US$ Thousand),117333.421,130486.958,156246.817,183634.767,215143.314,375444.606,453342.805,1286170.738,1305393.865,1634414.071,1358247.412,1995744.78,2041910.131,3769002.106,3938382.444,4405448.063,3183932.245,2457901.506,1817806.76816461,2122829.92480344,1931188.9730662,1985803.4145108098,2496293.9252452403
India,Kiribati,Export,  All Products,Export (US$ Thousand),18.881,125.881,124.97,351.966,171.97,296.645,180.547,320.585,158.462,197.581,2137.18,162.253,218.116,1276.982,808.979,881.314,1155.406,593.137,478.2155888748,371.97621548016,413.87621092550995,540.9810848468801,1686.5078282385
India,"Korea, Dem. Rep.",Export,  All Products,Export (US$ Thousand),67590.577,159501.121,171216.967,178490.052,128336.635,180585.317,38198.055,123447.887,638901.641,1093608.381,311193.387,427417.629,173506.708,230157.947,239454.537,75331.314,110901.686,54187.104,59386.8652318323,31436.9597762036,10428.780947812,4336.83824678704,439.73922531885
India,"Korea, Rep.",Export,  All Products,Export (US$ Thousand),478731.338,439127.531,457427.393,623121.802,663286.834,970001.16,1519552.447,2321995.142,2462508.31,3773311.534,3772265.053,3634463.278,4549868.732,4076362.583,4495539.683,4794855.332,3609633.383,3465416.563,4376958.13018491,4804494.62655537,4653980.47841713,4516495.886037249,7103449.60599017
India,Kuwait,Export,  All Products,Export (US$ Thousand),155197.472,188365.135,200188.93,218857.835,300039.193,394307.843,504455.894,604351.058,613572.316,820529.354,750869.268,1654066.479,1356927.314,1043425.074,1159053.608,1186681.192,1214764.246,1411588.717,1369923.4365220598,1328894.28002157,1340163.12123559,1010608.58380627,1230318.9614230199
India,Kyrgyz Republic,Export,  All Products,Export (US$ Thousand),13878.632,17732.043,10738.445,14543.218,28616.939,52173.293,30165.031,38141.075,32695.691,22192.981,25215.602,24323.669,29495.885,31959.439,37239.519,36035.797,29861.165,26620.176,30921.8125686129,28377.258531470103,29112.4136174208,36733.9007866573,31671.318693546
India,Lao PDR,Export,  All Products,Export (US$ Thousand),1400.256,3506.138,5765.156,2022.673,518.031,952.62,6539.556,2361.676,2938.58,4590.85,26919.378,8180.227,13965.557,27307.905,61306.138,63609.734,51263.61,23931.461,23592.5904398479,37532.9366432956,29285.1328152815,27873.502591361,16016.9010171474
India,Latin America & Caribbean,Export,  All Products,Export (US$ Thousand),656049.5089999998,885492.6359999999,1047664.3199999997,1180542.995,1197975.781,1790100.628,2816854.1890000002,3873332.1029999997,4490420.504000002,7020320.909,4969167.876,9258225.487999998,13149252.679999998,14768935.117000002,14297858.404000003,15463023.941999998,10926139.171,10292049.429000001,11902030.136817785,13177387.247917315,13665067.266425934,12433237.441646246,18388619.56388145
India,Latvia,Export,  All Products,Export (US$ Thousand),13046.877,11392.541,8893.395,9098.102,13419.204,14451.927,28391.738,36396.199,54646.438,48768.539,36886.612,101694.583,93112.065,100348.34,113000.054,104488.629,83188.792,96665.906,119874.57618491299,118103.96125489999,123820.77533760101,98639.954642582,130437.916100557
India,Lebanon,Export,  All Products,Export (US$ Thousand),33628.744,45575.62,42126.062,43854.762,60150.816,63836.814,68652.873,70825.435,82500.354,128100.469,136402.23,155086.267,211311.818,250585.771,305824.104,302159.651,244190.357,211532.014,245125.95470672,273751.614088953,226213.24870662,169267.273123991,282288.53217653296
India,Lesotho,Export,  All Products,Export (US$ Thousand),,64.703,139.288,1423.871,6273.393,10619.627,15919.113,5281.842,7101.603,35438.867,12310.174,18124.565,21121.968,18020.985,28475.672,39876.138,32902.939,28974.167,32696.3122629444,32156.5294837526,41609.3344173197,40096.013893914605,15961.257044272801
India,Liberia,Export,  All Products,Export (US$ Thousand),12333.496,16484.967,6999.908,15051.457,5811.132,22294.927,24017.359,23755.394,20935.641,24802.585,31270.224,38418.106,69897.351,114808.107,186838.679,262824.331,159352.514,126568.659,252595.491890644,181286.309563684,222792.303340452,216643.428470165,248705.485642914
India,Libya,Export,  All Products,Export (US$ Thousand),22474.654,8776.465,8345.525,18408.827,11101.416,77933.745,192445.811,86360.379,123455.022,102841.713,215448.901,163436.151,49833.391,183102.605,313438.98,195703.311,122195.185,126028.907,118812.68429514501,134538.904015824,199394.665452233,142325.312628201,207897.07608648
India,Lithuania,Export,  All Products,Export (US$ Thousand),9761.821,9877.309,7192.45,9049.836,15471.464,28251.1,32233.43,37667.029,51476.602,63751.986,52477.954,84460.326,98074.443,151117.688,129421.289,116705.467,84274.424,97622.421,103316.611307081,120734.34980638801,118164.462079025,134065.589294483,259664.143460617
India,Luxembourg,Export,  All Products,Export (US$ Thousand),5376.66,5158.616,5378.854,7943.037,13277.935,11202.999,11750.563,17404.061,9796.829,13054.158,4676.392,19280.492,8306.305,8323.999,12543.358,9382.875,8907.748,10459.76,11345.151212139699,14034.0545849455,36341.458236029495,11941.2346657426,14476.3344156688
India,Macao,Export,  All Products,Export (US$ Thousand),781.523,1163.592,1334.556,3090.443,4130.851,2165.404,2129.27,2271.734,4016.841,5908.949,40332.997,1182.497,1808.224,1060.376,1528.789,910.999,1746.639,1764.733,7307.53632074044,7068.78442328362,1256.46789302565,14101.0057022266,11910.2178818942
India,Madagascar,Export,  All Products,Export (US$ Thousand),9222.229,8897.525,13001.091,12898.407,32977.868,34946.546,46471.835,41025.577,54524.319,253669.779,87109.584,64156.151,117841.722,155706.876,240835.385,196854.976,167769.552,147573.912,266508.382641399,216225.640705161,301585.33033354697,312239.489628833,296045.69655125804
India,Malawi,Export,  All Products,Export (US$ Thousand),20216.333,19188.369,21731.505,24416.797,37542.15,56548.643,45367.125,44265.455,48510.201,85870.687,90253.862,91845.928,139219.253,130834.279,227390.943,243177.415,177751.643,173168.538,223262.95297146498,179502.07152102,191972.062711437,151811.532561072,155740.25907176101
India,Malaysia,Export,  All Products,Export (US$ Thousand),449276.545,530951.428,788125.197,742786.839,793086.573,1040206.76,1143774.703,1331364.913,1850253.601,3034407.835,3524713.705,3555311.769,3798819.687,3791195.518,5496821.286,4642232.584,4892061.446,4188651.273,5546200.95711569,6549834.72312188,6268536.7608466,6194006.0853267005,6704319.5678087
India,Maldives,Export,  All Products,Export (US$ Thousand),7325.402,21251.586,25798.229,31344.112,38415.604,42589.286,67571.199,64770.244,79709.864,108879.751,108351.455,100039.023,118293.002,121774.852,124231.426,139615.175,166865.106,180153.807,213424.755996664,220090.681441457,226264.822411526,196173.886363621,591785.5624458899
India,Mali,Export,  All Products,Export (US$ Thousand),14486.842,17571.229,29391.924,24409.408,43455.501,18271.664,26367.426,52284.053,36205.266,35055.602,38625.387,49121.259,92932.641,78503.951,122706.698,131578.385,105516.282,102938.881,123457.887910116,128943.40697245499,142791.914526826,168220.056167562,218043.106311715
India,Malta,Export,  All Products,Export (US$ Thousand),28406.72,28844.673,12510.565,25387.624,100974.215,37711.22,137059.104,49554.816,22910.472,75624.885,474745.82,992906.779,871814.231,302176.284,204739.214,406001.456,329794.22,109771.725,205541.907995979,197407.28711426898,239122.310198652,315872.94413576403,465337.94630947104
India,Marshall Islands,Export,  All Products,Export (US$ Thousand),,,,1057.707,34081.574,183.278,221.382,441.876,87.279,3.596,136.961,205.633,516.494,96.555,1066.893,381.451,104497.831,142.78,68.11047862296,13375.4201152493,26279.555131489,6567.0910017704,1362.3965526155998
India,Mauritania,Export,  All Products,Export (US$ Thousand),9242.21,11696.214,19067.217,19352.777,18149.331,22980.738,47455.674,19954.941,27541.799,32243.959,32631.316,31542.735,45744.057,40415.88,59862.154,59766.071,58123.788,64580.974,67360.16990014211,115481.559507249,89221.43130885421,82130.4418859604,101148.386676594
India,Mauritius,Export,  All Products,Export (US$ Thousand),170590.994,198141.468,169063.779,159554.624,186911.988,204758.552,255906.203,538175.234,1044310.502,1176321.18,394999.122,680356.62,1363274.455,672421.703,945278.434,1504475.001,757488.15,556901.956,765824.207929087,977792.941916417,779477.461283111,398506.350785444,745499.832200506
India,Mexico,Export,  All Products,Export (US$ Thousand),141738.99,182898.064,230118.945,269037.396,236005.293,361797.629,405763.796,522106.431,559154.62,684343.022,532140.044,766949.338,1337915.026,1597124.274,2151457.9,2920998.846,2768297.735,3375325.91,3697378.8502740203,3829585.63232748,3735391.91238497,3045678.23108189,4161539.2437634803
India,"Micronesia, Fed. Sts.",Export,  All Products,Export (US$ Thousand),,,,,7.218,282.923,64.271,27.521,13.084,51.216,120.37,690.106,241.461,186.471,357.463,445.7,296.284,204.113,295.15835360378,275.83443536832,498.47437497117,628.89779458272,715.53526650375
India,Middle East & North Africa,Export,  All Products,Export (US$ Thousand),4530299.556,5190850.146,5734841.050000001,6900993.936999999,9079628.939000001,12855413.217000002,16227651.757,21930018.254999995,27870649.254999995,36610882.407000005,40956828.283999994,47606283.184,60035719.52400003,64492665.714999996,71903391.84,69304968.918,54707373.605000004,51939046.51199999,52708059.118051,55824662.07088095,57916241.09533364,41421166.5074667,56203721.40191731
India,Moldova,Export,  All Products,Export (US$ Thousand),785.285,609.428,1859.523,2299.631,2109.353,7563.82,5103.923,5070.967,6868.509,6856.52,6640.101,6814.645,8214.57,7788.075,11141.152,9879.916,8070.242,6315.265,7173.8441338136,8286.34394035019,9588.453986984041,9084.75801275088,10647.5861936
India,Mongolia,Export,  All Products,Export (US$ Thousand),2272.847,1136.069,1094.659,743.203,655.43,1306.053,1120.911,2133.409,1938.547,15687.756,8782.595,19521.154,19897.727,41266.779,15851.28,7916.356,8224.943,9755.785,13795.5333524471,28169.6848318591,15277.4990353882,15066.038064795,27355.2927123471
India,Montenegro,Export,  All Products,Export (US$ Thousand),,,,,,,,,,,,,,,,39544.628,23026.505,35732.809,44150.4384686438,37436.322806512806,22066.246537696297,21159.718594627702,20828.987494959998
India,Montserrat,Export,  All Products,Export (US$ Thousand),149.728,80.775,22.307,191.988,522.121,405.642,221.983,149.968,34.592,121.542,233.55,302.328,437.812,40.957,70.936,3.808,766.542,926.118,227.7774561322,68.46224224599999,59.42394414438,64.55493071904,82.8828015036
India,Morocco,Export,  All Products,Export (US$ Thousand),26315.951,35764.635,50329.404,102934.411,103228.141,102457.746,122116.833,160193.649,187542.086,234603.242,246604.469,292785.586,374407.018,412863.959,433332.257,342532.444,328648.459,369009.731,413681.554220667,480478.92692905496,935016.045464358,555598.2975091811,783787.757328428
India,Mozambique,Export,  All Products,Export (US$ Thousand),32078.377,30285.144,31053.527,45885.605,60109.269,73939.275,112017.603,174934.745,393176.748,423227.498,366043.332,495450.257,570581.986,888370.298,1615537.505,1957866.296,1476709.553,874082.277,1052669.24996416,809291.1940695209,2135313.6174673,1444427.3463907102,1835716.35147805
India,Myanmar,Export,  All Products,Export (US$ Thousand),34292.647,43184.858,57657.869,73938.571,76611.683,112697.913,117246.307,124088.278,162757.168,237333.297,208182.803,272579.41,455859.19,526849.586,742866.824,868532.558,859972.73,1141173.722,1063019.2712832,1241368.77352265,956900.515779893,837624.3656123411,839037.203981411
India,Namibia,Export,  All Products,Export (US$ Thousand),,3266.355,10136.627,4285.117,6902.321,7622.321,14114.022,17544.064,26991.917,96561.49,56985.631,63519.783,67596.395,56796.056,230089.633,116517.22,68588.174,72113.184,67715.3312393641,47961.382754945706,108867.347394989,46799.3063146603,111664.227398478
India,Nauru,Export,  All Products,Export (US$ Thousand),221.245,40.824,164.205,45.593,57.638,81.998,3.85,23.916,16.851,108.98,75.345,147.963,46.626,153.481,180.321,22.368,6.964,18.823,3870.1199398305002,457.35154758319004,221.1477161814,72.74649820607999,187.41817370835
India,Nepal,Export,  All Products,Export (US$ Thousand),152097.818,139842.514,190459.427,265495.073,605088.253,746914.631,837027.208,925674.952,1237100.4,1696405.3,1327362.999,1904911.852,2559909.729,2587086.089,3176216.948,4193418.474,3195121.941,4526220.672,5518047.7534703305,7296705.705020701,7108863.14126495,5854597.36490159,9189858.65969744
India,Netherlands,Export,  All Products,Export (US$ Thousand),890608.207,855597.377,857302.534,969346.513,1242940.498,1458322.973,2396432.431,2470297.423,4342999.587,6528600.259,6464919.619,6572932.347,9693190.661,9466429.159,9170038.499,6762223.147,4876540.249,4868487.769,5430899.3755309405,8654413.067689199,8906975.22417786,6261190.37097363,10284461.3152302
India,Netherlands Antilles,Export,  All Products,Export (US$ Thousand),7942.457,14009.091,23931.323,28497.195,18887.136,4727.666,9966.924,13314.626,9419.117,14391.774,21555.961,55413.762,,,,,,,,,,,
India,Neutral Zone,Export,  All Products,Export (US$ Thousand),53.1,,,,,,,,,,,,,,,,,,,,,,
India,New Caledonia,Export,  All Products,Export (US$ Thousand),299.178,726.273,694.404,550.537,1994.929,922.176,929.264,3156.13,1640.019,4883.414,2936.652,8271.292,47576.303,31267.295,8009.363,12691.16,5590.337,7239.345,10570.347962027301,7969.33065400943,14527.5197190007,11707.0745443323,19033.4354326103
India,New Zealand,Export,  All Products,Export (US$ Thousand),64678.665,61069.086,62569.963,65010.713,82316.405,87426.591,141740.121,498466.36,129219.026,203235.25,248018.395,188761.756,239083.485,305190.876,296202.788,320313.898,313898.013,308684.168,328864.334277168,379259.543772835,383783.745864339,439100.805960396,508010.43976443796
India,Nicaragua,Export,  All Products,Export (US$ Thousand),2536.244,3599.527,5213.999,5569.715,5772.357,10334.583,10624.62,13568.329,22491.687,50290.74,18847.824,27309.813,43858.916,53316.299,66168.845,65612.293,77366.225,90744.508,78380.7387709609,64547.4287057502,64757.978788977496,73404.9020440203,112816.436558356
India,Niger,Export,  All Products,Export (US$ Thousand),12967.344,16506.215,40444.482,41125.551,50172.139,31461.956,26098.626,21295.38,41653.547,27745.346,24674.128,42733.706,88261.986,55903.629,91415.127,83214.538,66301.01,81513.697,116514.95750841,98942.82395782741,85582.7336535898,69629.2140499707,98364.252482945
India,Nigeria,Export,  All Products,Export (US$ Thousand),295468.971,354471.325,515303.899,478112.603,561202.832,539783.325,852098.784,932941.954,992814.3,1369418.23,1543343.194,1917925.903,2557091.142,2828458.902,2897204.269,2872163.077,2286610.727,1742860.855,2063578.12230278,2744606.3213340202,3678866.09032116,2953858.11330234,4523062.59623929
India,Niue,Export,  All Products,Export (US$ Thousand),52.556,6.716,4.239,23.029,72.975,76.966,3.869,90.66,7.251,8.496,5.011,8.645,,4.548,34.815,13.985,40.338,,,,83.07245977476,3.53251552704,
India,Norfolk Island,Export,  All Products,Export (US$ Thousand),95.585,103.179,1305.171,215.242,459.047,233.477,81.038,535.899,405.376,439.185,171.625,734.858,258.714,261.241,1808.319,139.485,98.174,539.647,137.17297410985998,367.23672968821,346.61178602685,256.22107417232,180.3058910496
India,North America,Export,  All Products,Export (US$ Thousand),9018820.137,9948844.491,8981275.666,11075104.207,11908873.271000002,13930464.774,17534164.808,19830903.897,21318255.665000003,22787850.744,20301403.324,24839742.895000003,34796581.14,39185597.257999994,44265861.691999994,44854139.092999995,42396266.793,43966681.41599999,48337954.23708437,54422817.918583594,57192198.25143983,52135904.43717306,75073732.34498498
India,North Macedonia,Export,  All Products,Export (US$ Thousand),1392.01,1448.948,1186.028,1005.784,1459.184,2283.13,4255.708,5202.527,7795.852,10081.452,6404.197,8255.087,8502.64,8970.142,11413.951,13381.073,13812.308,14406.71,15565.5029693402,19831.172172044,21938.245815822098,20450.6151359666,29636.7813682547
India,Northern Mariana Islands,Export,  All Products,Export (US$ Thousand),,,,,154.759,28.062,52.857,21.505,31.011,444.979,104.836,460.553,110.757,24.503,44.362,55.722,572.901,38.414,39.71606233686,256.66968252504,85.96324394364,257.19603070128,422.84764023225
India,Norway,Export,  All Products,Export (US$ Thousand),51390.069,61021.041,55490.392,58004.08,77698.195,95453.944,131724.974,163207.452,168719.441,421035.436,252125.791,187501.987,317784.394,237532.67,246697.483,242606.115,537922.223,233287.473,343632.146384373,300658.881631292,426709.294361889,310314.69857156597,383843.819046634
India,Occ.Pal.Terr,Export,  All Products,Export (US$ Thousand),,,,,,,,,,,,,,,,,,,,866.93602073714,1301.1652327310999,516.37078817616,3331.9439199386998
India,Oman,Export,  All Products,Export (US$ Thousand),133559.912,136213.61,151466.454,202231.886,204518.35,280976.316,355945.457,598170.725,836374.217,852204.466,985079.436,901531.93,1199230.372,2376062.103,3235683.56,2426019.938,2051996.05,2577624.29,2880849.68403848,2287927.51997135,2066706.33941627,2308350.60301182,2493248.0651905197
India,"Other Asia, nes",Export,  All Products,Export (US$ Thousand),317484.623,363497.867,374006.333,503040.003,559744.473,587166.778,602972.244,846933.749,1491261.592,1802832.63,1293175.19,2309631.025,3342081.408,2828072.718,2615857.755,2084295.411,1467980.708,1828271.981,2152246.91013545,2925179.0020303703,1640723.53763008,1541161.02222669,2581481.2004573597
India,Pakistan,Export,  All Products,Export (US$ Thousand),93505.568,163832.124,164599.391,187706.742,183554.12,522079.2,593061.926,1235038.945,1584291.463,1772775.379,1455772.376,2235787.729,1678131.096,1633347.73,2176411.673,2169947.52,1963455.9,1592581.167,1789337.60945547,2344905.5535743297,1186205.28888022,282383.557938252,502855.28486456606
India,Palau,Export,  All Products,Export (US$ Thousand),0.676,,,,,71.405,51.173,55.567,157.027,235.58,8.377,37.973,24.333,30.264,28.507,66.798,24.815,27.507,53.5246299552,74.82838927747001,82.75720532369999,212.96538012992,92.77561370385
India,Panama,Export,  All Products,Export (US$ Thousand),44465.553,56819.551,90340.06,53744.484,61811.712,54342.843,67611.656,74692.668,67896.907,93925.303,107534.882,101611.132,206467.308,252234.017,221454.045,270191.302,240389.221,213706.071,233530.957095505,213157.817461851,244134.16574592798,154847.201184055,334882.428809022
India,Papua New Guinea,Export,  All Products,Export (US$ Thousand),5397.886,4852.999,4355.485,11217.075,4147.143,5942.327,17383.544,10842.513,10297.618,19971.603,18022.847,21115.291,32478.321,30761.001,44850.535,52370.992,39395.455,39399.442,36561.814480997,46391.3627059581,56866.996854013894,55695.9330679209,66698.25923995889
India,Paraguay,Export,  All Products,Export (US$ Thousand),6913.875,7808.983,7242.603,7358.269,9026.993,12522.966,15064.83,23917.172,46736.175,42238.29,31808.309,38524.381,64609.014,71457.716,92950.509,99486.738,112710.121,118805.588,149910.88288589,163977.125401166,136128.878039422,149241.86794524,210346.523605239
India,Peru,Export,  All Products,Export (US$ Thousand),26190.961,22251.289,34777.97,47410.671,39976.047,53315.957,87489.047,113054.585,178761.915,403154.14,217491.431,398852.43,525883.183,634921.27,712032.733,754550.379,754985.449,682354.291,728120.922187473,757017.826878092,750967.740937765,701949.4427191339,916921.8372649781
India,Philippines,Export,  All Products,Export (US$ Thousand),144364.015,174192.436,231772.608,467305.834,324316.702,362922.682,482109.799,596835.631,571412.606,755025.476,697314.77,801607.043,1006622.352,1119249.387,1469067.574,1436903.817,1304346.343,1474264.337,1584554.56139493,1744728.67685092,1635533.79953862,1416026.2729344699,1982749.90827422
India,Pitcairn,Export,  All Products,Export (US$ Thousand),22.093,3.027,166.944,25.918,83.796,55.789,2.407,48.007,13.421,26.561,19.854,263.705,58.354,8.018,61.942,,,67.897,,17.56475363101,10.889460328290001,129.2767482056,1.12001628975
India,Poland,Export,  All Products,Export (US$ Thousand),92210.198,82300.173,110781.689,99695.522,115449.072,168954.55,210822.04,288739.339,394303.612,524257.66,413567.819,617496.184,775475.155,767480.78,1020344.169,1087799.25,997863.804,1140845.784,1467177.9930417,1545926.1311681098,1574710.08443851,1487495.59995843,2519186.2336793398
India,Portugal,Export,  All Products,Export (US$ Thousand),125274.945,138822.012,147101.414,163538.939,161375.816,209205.509,245138.267,329254.057,414901.709,524238.544,335989.482,461224.369,567994.922,489984.355,683947.74,676672.409,581764.61,618126.743,735967.681821319,760344.0751587531,742700.9167911201,829211.177437916,1108297.6456600102
India,Qatar,Export,  All Products,Export (US$ Thousand),35764.942,42852.499,64418.087,84075.353,120675.985,123989.768,303381.587,309728.435,475320.063,678276.972,577066.404,373984.038,741066.11,695467.301,759182.065,1269459.826,968822.063,769355.396,1181665.0562458502,1679936.0896066402,1306737.6803369701,1254718.82538987,1714905.44813338
India,Romania,Export,  All Products,Export (US$ Thousand),12612.657,10891.081,12387.269,21278.177,38030.042,91357.27,94592.411,129873.945,247191.846,331718.401,520369.369,327604.499,349492.132,265723.209,309271.495,427465.286,253146.833,255236.969,344624.726728671,443734.13585231296,392259.040347683,322053.016264955,559646.690804943
India,Russian Federation,Export,  All Products,Export (US$ Thousand),953611.285,855661.13,839594.989,738357.038,696329.55,631196.447,705685.224,845710.91,924103.253,1090744.013,964356.844,1393223.349,1893901.199,2144765.774,2418963.217,2217472.852,1611893.266,1813884.254,2138971.95060314,2332619.2181774997,2871228.5608646004,2559257.7694386602,3334263.99599286
India,Rwanda,Export,  All Products,Export (US$ Thousand),3529.677,3037.911,4112.042,6193.192,4570.349,6894.47,11220.069,10437.949,15431.544,21171.274,28862.988,34450.339,39960.938,70366.277,95860.514,134719.6,124228.742,87501.839,91357.01101723101,132269.55051883002,128586.73050964899,124238.19217683899,133458.750861882
India,Saint Helena,Export,  All Products,Export (US$ Thousand),806.712,187.941,161.78,906.12,797.062,185.003,504.096,1553.138,1587.291,195.668,12.007,139.151,44.2,67.008,43.948,207.093,170.61,25.428,5.78122457098,18.65529628752,322.78006088445,170.42269359488,
India,Saint Maarten (Dutch part),Export,  All Products,Export (US$ Thousand),,,,,,,,,,,,,,,,,,,9.50345985348,,33.95934185403,1.69604378656,
India,Saint Pierre and Miquelon,Export,  All Products,Export (US$ Thousand),14.499,0.14,7.247,0.057,,357.3,2789.85,6586.339,6650.677,21.31,1.596,106.545,,,69.192,1.737,,,10.31999426394,10.38347903219,3.59788368108,,
India,Samoa,Export,  All Products,Export (US$ Thousand),861.107,867.642,557.971,707.674,399.378,279.306,420.511,177.007,314.901,525.516,830.711,1458.596,2664.843,1399.335,4345.879,3711.937,1598.505,2279.053,2078.9589751889002,2752.7572930019696,4539.4362552444,2077.91523567568,1984.41377954595
India,San Marino,Export,  All Products,Export (US$ Thousand),,,,,,,,,,,,,,,,45.302,153.971,240.452,173.9767779905,97.28531080826,324.91003836444,185.69252830976,217.59730040025002
India,Sao Tome and Principe,Export,  All Products,Export (US$ Thousand),8.729,4.981,19.033,78.893,2014.683,86.396,322.381,400.771,1161.349,1050.058,1212.489,732.712,1266.671,865.304,669.353,1665.238,1007.62,849.175,960.1669274913,1013.7434978341901,1702.67625045324,1206.60036982816,2636.78506427955
India,Saudi Arabia,Export,  All Products,Export (US$ Thousand),746865.651,809170.44,796384.299,908818.497,1027369.164,1374642.409,1713419.858,2329926.861,3246112.527,5375371.709,3867829.694,4483703.624,5133491.144,8546653.761,12357201.133,13063510.744,6970706.761,5045149.376,5217534.10347253,5486907.538182881,5974037.245946511,6154273.355463839,8245418.25197216
India,Senegal,Export,  All Products,Export (US$ Thousand),20174.122,19614.779,22762.356,54119.051,25107.73,32684.997,112884.466,135649.63,202688.517,135475.382,168588.625,208959.268,287030.504,501176.077,504298.313,478547.006,522111.337,592062.114,734270.098934371,663799.396898867,484002.40041884297,578191.603279099,938954.463287827
India,"Serbia, FR(Serbia/Montenegro)",Export,  All Products,Export (US$ Thousand),4466.022,4889.923,7262.952,4653.787,7805.472,17794.552,7145.579,9570.948,12033.969,14960.178,13176.086,15329.632,42715.487,64524.703,71241.943,58230.085,51031.879,48221.456,55233.119962876495,68958.3889132262,81526.67244306,91253.26710737709,89342.6822548656
India,Seychelles,Export,  All Products,Export (US$ Thousand),5174.367,7902.578,5894.278,5667.737,9448.394,9999.674,10905.746,12905.01,66190.761,95988.248,19424.751,29470.706,33355.248,30965.182,59449.894,37441.202,31465.719,37807.787,37700.9216941242,80416.51617682201,51892.0671284881,78366.65628432091,40818.8472209522
India,Sierra Leone,Export,  All Products,Export (US$ Thousand),3323.44,4690.344,13142.071,13444.151,12552.616,12745.954,16999.987,18594.728,27545.317,44254.779,38749.489,43792.09,80161.168,155984.823,129970.695,83671.201,95462.781,80835.307,99074.6207967456,105836.57056518801,126574.834599917,124667.32009562201,191446.10910085202
India,Singapore,Export,  All Products,Export (US$ Thousand),672678.175,787048.12,926001.602,1380393.756,1701905.229,3416459.399,5427554.724,6127249.915,6390067.965,8853899.608,6827539.205,9066230.08,15627481.316,13552710.81,14189021.907,9676616.024,7805083.993,7354855.146,11559940.6680704,10444385.832529,10738688.6032972,8295020.16616131,10650086.5915734
India,Slovak Republic,Export,  All Products,Export (US$ Thousand),5912.283,8840.547,9413.103,11039.832,13359.782,23170.327,23011.463,28025.852,49756.099,37891.86,33173.438,47277.146,91058.311,102729.486,113111.311,130070.682,138243.426,141584.582,149636.362386144,147081.664067493,139762.164153313,148951.651220428,168313.97047828799
India,Slovenia,Export,  All Products,Export (US$ Thousand),7628.213,10667.073,30346.292,22357.402,29982.663,58468.784,75288.019,85455.062,103560.528,159645.361,195183.682,147952.443,236434.166,230791.003,240303.434,230463.76,237103.054,291529.18,263612.686431361,304618.522658854,334071.42663233203,323286.310085954,455967.429281461
India,Solomon Islands,Export,  All Products,Export (US$ Thousand),461.269,534.15,284.134,314.859,5990.173,338.967,175.453,212.968,268.601,26359.431,1171.111,671.873,1302.073,1259.402,7506.768,2224.403,4924.783,3221.798,1329.10289461016,1521.63441552608,2978.74111242657,1539.2075651764799,1878.6660764427002
India,Somalia,Export,  All Products,Export (US$ Thousand),8670.744,5754.404,10513.365,16976.125,43853.849,45187.578,36242.582,57892.173,108598.259,99295.612,18612.523,70998.501,122083.178,199081.578,188018.66,335438.338,418390.395,501743.841,467561.30775139097,440095.04314528196,614662.580816666,543964.7606154161,698686.441909124
India,South Africa,Export,  All Products,Export (US$ Thousand),293093.406,307796.236,326688.879,470318.224,467434.354,891641.182,1404100.618,2094445.017,2129593.442,2480947.91,1959652.877,3650058.334,4319584.129,4973299.934,5742466.828,5722395.675,3814364.71,3243164.766,4072392.7250863197,4016932.5455819704,3982930.2275967305,3498285.7699413802,5989463.45118433
India,South Asia,Export,  All Products,Export (US$ Thousand),1436134.1349999998,1719206.4030000002,2092223.0459999999,2415180.743,3875185.886,4579673.036,5399782.665,6232731.865000001,7848397.821999999,10130441.472000001,7373574.102,11114203.454,12937534.635000002,13738379.329,16899973.703,19836415.218999997,17257456.744,16933207.904,20183921.977970548,24644723.84661154,22576473.560520735,18948429.883350298,30706381.8741814
India,South Sudan,Export,  All Products,Export (US$ Thousand),,,,,,,,,,,,,,,,,,1713.984,5902.80222774922,8283.27416949327,17566.4071165016,22965.6756628282,28279.8554943242
India,Spain,Export,  All Products,Export (US$ Thousand),558127.098,610419.733,694796.586,749331.969,942587.069,1231627.652,1600433.75,1889146.992,2052562.959,2717768.63,1949389.079,2308731.175,2974190.428,2885979.917,3119754.3,3142284.258,3152258.203,3359492.729,3765785.19582289,4099489.6253777198,4248977.4530068105,3084818.96104167,4393859.58342663
India,Sri Lanka,Export,  All Products,Export (US$ Thousand),502183.671,594165.48,621480.086,831902.435,1195087.504,1400311.668,1939282.436,2105026.021,2594191.689,2838024.362,1724636.68,3305123.264,4452042.538,3813119.545,4753967.235,6434957.378,5501015.393,4118253.5,4413429.12456683,4665309.137988401,4226735.12576449,3224131.50875685,4799757.683082189
India,St. Kitts and Nevis,Export,  All Products,Export (US$ Thousand),4.64,4.894,7.543,85.793,268.37,280.273,369.123,645.159,367.658,710.416,1368.324,888.457,694.385,628.805,1252.528,1099.696,2144.189,3053.167,2772.57988601712,2424.61079142275,2650.4469395465703,1112.41815889616,1838.6777279215498
India,St. Lucia,Export,  All Products,Export (US$ Thousand),293.016,339.443,368.127,404.617,338.158,487.501,670.44,751.651,430.048,1066.777,883.416,2454.183,1191.708,1215.388,1684.784,2375.924,2675.283,3747.518,4271.22193236606,4511.29669146403,3246.71201228682,2770.78573173904,4019.0370216716997
India,St. Vincent and the Grenadines,Export,  All Products,Export (US$ Thousand),42.63,42.941,3513.338,147.729,163.024,269.672,252.956,394.887,435.116,784.592,414.02,412.125,268.006,580.877,1979.56,724.648,645.149,790.016,700.6564461437,566.62537685476,801.61472559753,439.6109548672,956.18877954045
India,Sub-Saharan Africa,Export,  All Products,Export (US$ Thousand),1554789.5250000006,1762863.9470000004,2158583.1769999997,2473166.4469999997,2938435.05,3821905.0900000003,5280897.869000001,7727931.251000001,10076567.159000002,12169305.432,10270792.652,14175275.624000004,19284114.168,21442180.18,27703413.982000005,28426682.336000007,20741194.277,17897470.594,19308894.74112982,20696324.0799404,23349614.258261416,21029786.75310277,30877811.09512384
India,Sudan,Export,  All Products,Export (US$ Thousand),,,,,,,,,,,,,,739893.641,854526.855,882448.37,824684.298,754022.449,846069.91533252,791901.443922509,1079058.0867868098,1046641.24784707,1006076.70012588
India,Suriname,Export,  All Products,Export (US$ Thousand),2048.581,1089.145,1165.84,1914.223,2805.514,10778.157,20812.98,14450.146,10357.561,9828.008,21604.897,9398.092,12117.036,20245.967,24283.043,25406.905,16317.609,10103.978,15276.3451124079,20827.919102309497,32489.2638716459,16043.8123965008,18597.003396747998
India,Sweden,Export,  All Products,Export (US$ Thousand),145791.996,168269.09,161246.429,162500.503,204630.461,232026.34,313090.687,377197.701,486117.084,578068.377,468599.832,581501.444,801883.187,698204.047,776811.827,767120.363,693656.309,707254.518,753626.269769684,785575.3992535301,759566.7678073749,701904.822386405,999620.805837282
India,Switzerland,Export,  All Products,Export (US$ Thousand),349409.724,441252.993,423039.572,363004.493,484823.866,475855.597,495604.915,459541.161,570927.682,704234.388,677676.893,618877.16,1017728.701,1170062.558,1777826.308,1129006.426,928459.286,1034168.605,995388.815424101,1224731.63379227,1277418.18338028,1247872.91817734,1290286.11822508
India,Syrian Arab Republic,Export,  All Products,Export (US$ Thousand),61268.321,66668.074,93881.187,96764.076,176630.721,275160.623,263088.045,365182.596,669613.005,378694.516,342680.888,446445.144,536992.898,347823.532,230029.882,217055.641,138255.066,124923.316,146096.881645744,159887.66319371702,159433.51800945698,123734.44630292601,116489.167370161
India,Tajikistan,Export,  All Products,Export (US$ Thousand),2395.485,3315.04,1713.731,7489.957,4262.746,6301.989,6601.581,6865.433,10548.386,16714.924,15769.846,16353.039,21288.029,29046.454,47653.74,60004.098,31347.915,19713.899,24365.9099866282,20539.9579296068,24610.4603976602,44829.006679958904,38216.4700228465
India,Tanzania,Export,  All Products,Export (US$ Thousand),82461.196,100464.801,88939.604,112943.298,149789.95,172819.172,229090.301,277586.136,457342.865,1063917.441,887111.926,1121883.286,1767665.829,1602488.828,3665546.546,3714303.228,1671326.055,1766864.783,1568207.8249343701,1877976.75776573,1692930.6256309901,1411718.2057715198,1689024.65813116
India,Thailand,Export,  All Products,Export (US$ Thousand),452079.536,525237.272,598290.829,741183.22,731772.487,856828.001,1059266.699,1350984.563,1673337.302,2005280.476,1710808.117,2139581.493,2767920.216,3454127.1,4203813.215,3438521.511,3113562.147,2962383.766,3588643.92991722,4383385.947363949,4331648.864219421,3777064.29575509,5515879.81877966
India,Togo,Export,  All Products,Export (US$ Thousand),16126.89,32304.146,44760.159,70747.396,53023.343,214545.781,127997.199,104063.464,217314.722,151975.052,133242.836,194031.992,325851.264,291266.614,497062.269,664971.742,455126.112,429607.681,400235.704336408,425802.527730125,1089374.8338254099,1196367.5600226,2919843.8261873
India,Tokelau,Export,  All Products,Export (US$ Thousand),281.042,156.33,76.341,287.122,1204.803,167.795,61.289,158.213,43.32,37.341,2.792,18.85,14452.199,3.071,163.028,0.271,,34.661,,2.1453508918399997,0.7737185703,,
India,Tonga,Export,  All Products,Export (US$ Thousand),199.562,283.933,300.863,254.538,894.64,832.969,359.16,316.606,279.119,311.269,164.738,761.707,850.649,1021.507,1886.344,1109.972,1044.587,875.038,1357.5491572761,578.11416857609,557.50736893728,644.54223466928,1642.9921418985
India,Trinidad and Tobago,Export,  All Products,Export (US$ Thousand),8251.292,9338.215,10111.108,19535.56,20462.423,26483.856,54327.228,111225.399,38471.4,363582.885,197145.361,57474.3,77685.62,82647.02,101765.528,105970.84,111647.552,81482.555,92124.8361991943,83773.5370826977,85863.3100724197,71169.2455195951,92290.1664521113
India,Tunisia,Export,  All Products,Export (US$ Thousand),28274.393,34090.417,42308.485,52441.467,70249.452,65386.068,87589.874,95160.846,114816.281,164918.285,248193.494,256458.33,270616.454,298289.969,306440.926,268313.366,213839.737,248268.38,266348.928101974,307729.15347429103,269676.261995104,241549.51651441198,380096.094348982
India,Turkey,Export,  All Products,Export (US$ Thousand),190585.411,327103.853,211950.031,346895.013,454082.701,707823.459,929999.072,1158087.931,1692386.139,1618267.19,1278584.528,2321435.536,3617999.555,3672082.226,4555537.769,5603061.818,4435911.919,4473283.089,4921406.73258299,5188973.122862429,4575955.54494527,3636047.2486255397,7264962.59011336
India,Turkmenistan,Export,  All Products,Export (US$ Thousand),5675.674,5431.134,4151.715,7589.054,16416.444,17454.644,20357.848,26517.106,37949.763,40245.439,35883.175,28848.698,39362.528,70595.397,62998.404,100735.794,80464.336,57245.478,59638.048379853004,42179.5932038366,37309.1633501395,44297.958003660795,111962.098777457
India,Turks and Caicos Isl.,Export,  All Products,Export (US$ Thousand),3849.952,11018.741,32572.519,40350.611,35802.177,376.156,207.059,601.252,682.057,532.855,296.807,36.158,153.265,305.622,339.634,229.965,100.625,643.811,1223.4088278107201,308.73929229526,659.97648594174,156.08410084736002,402.40027225395
India,Tuvalu,Export,  All Products,Export (US$ Thousand),10.899,,832.967,22.147,0.404,221.051,8.624,210.808,35.029,6536.519,5908.565,122.52,1.247,18.113,53.484,66.901,55.453,78.316,66.4485994322,,3.68914752933,2.52375126592,99.27131593185
India,Uganda,Export,  All Products,Export (US$ Thousand),39268.353,40768.746,55882.525,62143.032,83792.632,77330.079,84774.727,109848.407,133767.476,183521.564,226872.658,247839.498,428570.912,452067.611,559586.045,546448.964,568486.638,523787.489,506672.836507826,561675.049811232,633772.949590177,656895.974839126,694634.8079566191
India,Ukraine,Export,  All Products,Export (US$ Thousand),42615.038,54310.522,81713.307,98166.696,94811.557,193806.585,228434.671,287805.344,369989.193,434945.092,256941.696,778354.691,501125.766,514843.877,519675.686,406027.755,251599.879,291053.399,330647.244111604,399523.849766824,456830.281556027,438250.020900805,509942.830129775
India,United Arab Emirates,Export,  All Products,Export (US$ Thousand),2087762.575,2433791.405,2569489.718,3107769.428,4231878.066,6644330.504,8421647.897,11451552.065,14447007.655,19096531.84,25415974.972,27412252.679,37369374.539,35781393.518,33980431.487,32919602.033,29989559.762,30041757.697,28636263.3028988,28522550.1571819,29539357.7274995,17953335.407981,25446639.3147851
India,United Kingdom,Export,  All Products,Export (US$ Thousand),2043560.57,2207959.366,2196628.745,2409057.099,2769373.932,3409430.712,4958861.009,5383828.828,6286913.536,6597520.82,6528851.137,6436413.463,8879114.713,8100176.978,10559405.559,9665339.002,8891195.283,8565159.139,8954722.98890616,9740984.74051705,8797200.000483481,7767619.50269962,10374395.350193001
India,United States,Export,  All Products,Export (US$ Thousand),8436664.042,9304913.801,8404055.704,10388759.52,11186814.97,13105036.845,16542685.101,18705452.048,20133334.03,21407124.636,19128199.811,23587441.659,32919043.491,37170685.936,41956732.182,42684739.878,40312702.896,41992468.436,46018076.6407899,51628587.4086916,54288194.2689003,49320596.1921831,71510497.4496739
India,United States Minor Outlying I,Export,  All Products,Export (US$ Thousand),,,,,,10.299,15.331,,,0.031,40.795,129.636,34007.955,14.837,,646.505,169.963,928.17,614.47004047926,665.62804362318,471.50219333916,710.15646530672,510.8485394823
India,Unspecified,Export,  All Products,Export (US$ Thousand),31202.472,1325624.446,2072992.143,904825.613,70496.406,423780.945,218919.627,189947.874,215115.99,793251.705,6866167.586,2938170.963,18842078.064,2434522.581,8477571.787,2342482.632,1876205.935,1600183.673,2024576.36999341,2537984.92880992,2477811.63749469,675147.27086195,947625.47938676
India,Uruguay,Export,  All Products,Export (US$ Thousand),26687.674,32447.168,32714.098,16706.697,18785.982,23628.357,26838.616,31243.916,48870.933,70641.275,45416.199,78682.708,133280.442,138772.248,163921.355,217524.856,165883.889,139829.727,190128.746506896,190139.916242129,154377.259709393,98023.2780454288,150035.654031908
India,Us Msc.Pac.I,Export,  All Products,Export (US$ Thousand),728.572,,,,,,,,,,,,,,,,,,,,,,
India,Uzbekistan,Export,  All Products,Export (US$ Thousand),9997.504,8830.15,7120.847,4911.725,13996.346,16597.091,26544.225,27741.512,36892.831,44339.775,50860.789,56589.453,87818.17,110160.406,119823.469,168280.663,107855.086,90749.994,130707.387506908,194788.204606394,193459.125016718,260763.157388107,259605.323540579
India,Vanuatu,Export,  All Products,Export (US$ Thousand),180.6,365.025,6118.761,95.935,434.008,765.078,2390.511,2068.664,2216.269,2831.066,4694.252,2179.781,2819.494,3508.507,2704.961,2234.206,2042.717,2034.807,2179.1120215723,2138.68274073877,2254.89146675571,2060.5109935054397,3367.7481375609
India,Venezuela,Export,  All Products,Export (US$ Thousand),23474.301,35007.146,58919.367,41458.102,24336.87,54440.147,98508.297,119276.509,142169.698,144718.645,203837.04,154551.221,242708.654,252442.558,232881.967,237959.924,158417.075,73166.702,81655.9296415177,73105.3892802418,241366.078498605,758464.616513733,311921.53145922604
India,Vietnam,Export,  All Products,Export (US$ Thousand),155295.897,195393.326,217963.592,304440.887,378841.399,534846.193,633465.398,874097.623,1241477.11,1812606.81,1833500.432,2475595.566,3466525.113,3658160.423,5987613.767,6526524.429,5357212.587,5957676.883,8114676.738343621,6697465.9298766805,5512870.23892056,4500548.68359333,6638389.6974993
India,Wallis and Futura Isl.,Export,  All Products,Export (US$ Thousand),325.896,56.502,104.68,10.947,150.806,144.737,111.122,366.584,45.318,163.543,116.735,109.229,102.645,103.102,19.596,35.173,,5.371,46.701870585420004,3.8242843141,22.61680090821,23.069229802080002,3.5998233848999996
India,Western Sahara,Export,  All Products,Export (US$ Thousand),53.181,58.329,412.759,161.609,,14.052,0.226,10.337,,46.944,17075.131,1.6,156.46,,0.084,9.4,18.195,1.283,13.69211290912,,7.96001153763,6.79854816928,32.21420055105
India,Yemen,Export,  All Products,Export (US$ Thousand),80738.474,97825.915,187381.249,146490.606,215005.48,219016.427,306385.957,955914.95,1075209.92,876508.942,736035.964,494562.364,595978.031,1002666.049,1338043.633,1331954.303,461345.501,448110.438,512806.367734239,659730.717734355,756099.149029672,790748.409332736,767860.353004763
India,Zambia,Export,  All Products,Export (US$ Thousand),23373.736,20913.42,25114.82,28565.191,37245.031,44939.12,67579.602,97524.973,124909.846,103718.182,90812.051,97821.723,197816.912,232963.311,379336.65,381068.402,334586.548,235545.562,256910.88442003,329603.792969968,267945.151281796,250765.45957162202,334808.469969446
India,Zimbabwe,Export,  All Products,Export (US$ Thousand),18576.895,13728.651,11169.589,17168.729,21442.102,24235.436,22012.959,31653.831,27649.405,63209.424,37196.789,79388.526,142805.076,133153.216,195129.193,197964.42,234441.499,116661.954,154142.72956600902,189571.039757443,157165.414776098,166827.413498796,188851.987182284
