date,ANG,AUD,AWG,BBD,BMD,BRL,BSD,CAD,CHF,CNY,CYP,CZK,DKK,EEK,EUR,FKP,GBP,GRD,HKD,HUF,IDR,IEP,INR,ISK,JPY,KPW,KRW,LKR,LTL,LVL,MTL,MXN,MYR,NOK,NZD,PAB,PHP,PLN,RON,RUB,SAR,SEK,SGD,SHP,SIT,SKK,THB,TRY,TWD,USD,VEF,ZAR,ARS,DZD,HRK,ILS,MAD,XDR,XPF,AED,ALL,BDT,BGN,BHD,BIF,BND,BOB,BTN,BWP,BZD,CLP,COP,CRC,CVE,DJF,DOP,EGP,ETB,FJD,GIP,GMD,GNF,GTQ,GYD,HNL,HTG,IQD,IRR,JMD,JOD,KES,KHR,KMF,KWD,KZT,LAK,LBP,LSL,LYD,MMK,MNT,MOP,MRO,MUR,MVR,MWK,NAD,NGN,NIO,NPR,OMR,PEN,PGK,PKR,PYG,QAR,SBD,SCR,SLL,SOS,SVC,SYP,SZL,TND,TOP,TTD,TZS,UAH,UGX,VND,VUV,WST,XAF,XCD,XOF,ZMK,ZWD,AMD,BYR,CDF,GEL,KGS,MDL,MKD,RWF,STD,TJS,UZS,YER,UYU,LRD,AOA,MGA,AFN,AZN,BAM,GHS,MZN,RSD,SDG,SRD,TMT,CLF,BTC,CUP,JEP,KYD,ZWL,ERN,XAG,XAU,ZMW,GGP,IMP,CUC,BYN,XPD,XPT,CNH,MRU,SSP,STN,VES
1999-01-15,1.787029,1.578608,1.787029,2.0,1,1.473715,1.0,1.528871,1.37733,8.2745,0.49894,30.760295,6.400356,13.406885,0.862776,0.605427,0.605576,278.252147,7.748836,217.330572,8968.642557,0.678508,42.513298,69.463781,113.807527,900.0,1182.752265,68.55,4.008369,0.569125,0.380088,10.377357,3.799703,7.493378,1.853298,1.0,38.651397,3.609963,1.137878,22.782919,3.75087,7.870013,1.681248,0.605427,161.188014,36.594154,36.87191,0.322382,32.233585,1,0.570992,6.09618,,,,,,,,,,,,,,,,,,,,,,,,,,,,,,,,,,,,,,,,,,,,,,,,,,,,,,,,,,,,,,,,,,,,,,,,,,,,,,,,,,,,,,,,,,,,,,,,,,,,,,,,,,,,,,,,,,,,,,,,,,,,,,,,,,,
2000-01-14,1.79,1.499955,1.79,2.0,1,1.804999,1.0,1.449872,1.587126,8.275556,0.56509,35.251229,7.306083,15.357071,0.985103,0.610106,0.610468,325.104059,7.778804,249.548895,7137.163069,0.769017,43.519502,72.069536,105.73317,900.0,1124.598429,73.35,4.000685,0.584841,0.40765,9.45732,3.800094,7.971359,1.918007,1.0,40.531702,4.074817,1.83245,28.482005,3.75072,8.450141,1.675172,0.610106,196.530831,41.313094,37.494034,0.540517,30.842978,1,0.651903,6.072806,1.000269,68.740023,7.590824,4.087128,10.01495,0.728704,116.705819,,,,,,,,,,,,,,,,,,,,,,,,,,,,,,,,,,,,,,,,,,,,,,,,,,,,,,,,,,,,,,,,,,,,,,,,,,,,,,,,,,,,,,,,,,,,,,,,,,,,,,,,,,,,,,,,,,,,,,,,,,,,
2001-01-15,1.79,1.806105,1.79,2.0,1,1.948974,1.0,1.502133,1.632163,8.273524,0.613215,37.294433,7.898319,16.631262,1.058222,0.676678,0.677018,,7.799502,280.348134,9609.211922,0.831123,46.544513,84.843021,118.645646,2.198664,1284.861036,85.007849,4.000742,0.616356,0.434935,9.905951,3.8005,8.678533,2.248443,1.0,52.258059,4.107976,2.632557,28.339149,3.749975,9.381942,1.735284,0.676678,228.697021,46.41216,43.497724,0.669358,32.699806,1,0.699307,7.872085,0.999505,72.621429,8.076898,4.121098,10.605855,0.755211,126.571595,3.672595,141.926177,54.354794,2.081685,0.376485,741.824353,1.735893,6.440284,46.558549,5.538821,2.0,572.343985,2263.431952,319.995757,116.951633,177.721,16.120834,3.884814,8.249894,2.190709,0.670238,15.901464,1855.345779,7.825095,180.534578,15.134387,23.003606,1970.311837,1755.324565,45.157934,0.70999,78.82357,3835.659737,521.815868,0.305403,145.322444,7601.272804,1514.63981,6.240454,0.540093,6.519835,1098.1014,8.033629,257.965634,28.052079,11.77,47.495969,7.837399,111.104158,12.90157,74.365719,0.384497,3.519251,3.390857,59.105249,3562.282563,3.64,5.163131,6.355537,1899.427238,2620.492151,8.756576,46.201739,7.544442,1.376538,1.996394,6.2505,808.071701,5.433602,1840.029699,14579.338142,142.160585,3.028214,695.754137,2.709336,695.754137,2880.250318,55.206513,,,,,,,,,,,,,,,,,,,,,,,,,,,,,,,,,,,,,,,,,,,,,,
2002-01-15,1.79,1.927788,1.79,2.0,1,2.363541,1.0,1.590466,1.662805,8.276769,0.648431,36.161602,8.334993,17.576677,1.125977,0.692645,0.69253,,7.798956,272.544027,10258.459426,0.881061,48.184734,102.555481,131.172784,2.173392,1314.216486,92.962856,3.998767,0.631809,0.451708,9.173851,3.799614,8.905942,2.363298,1.0,51.100607,4.039117,3.214814,30.351435,3.749765,10.352082,1.825494,0.692645,245.0335,47.859019,43.775886,1.37109,34.920292,1,0.757095,11.654145,1.616661,76.482403,8.34805,4.496881,11.477079,0.784409,133.749944,3.67246,139.06187,56.562766,2.180719,0.376555,854.152656,1.808911,6.777572,47.669469,6.662161,2.0,664.876161,2250.06573,338.329971,123.584398,177.721,16.764555,4.576181,8.348162,2.24805,0.687504,17.289733,1946.245236,7.883995,178.323246,15.747926,25.933759,3071.4,1728.894867,46.483188,0.7089,78.186377,3858.058731,551.409998,0.305307,148.857879,7508.350146,1504.953015,11.67328,0.633856,6.673728,1088.704326,8.03243,266.283345,29.865277,11.77,66.409213,11.846111,113.619144,13.719682,75.802399,0.384497,3.382927,3.632807,59.527769,4727.14638,3.64,5.690675,5.550112,1912.586864,2588.321004,8.644676,45.452813,11.674625,1.451188,2.169435,6.2505,889.125757,5.247445,1723.81753,14830.497646,146.214683,3.538659,735.212957,2.667474,735.212957,4000.840619,54.783681,558.205559,1546.189195,312.213629,2.045024,47.521744,12.706344,68.778749,449.10334,8848.699843,2.520511,1723.81753,170.971755,,,,,,,,,,,,,,,,,,,,,,,,,,,,,,,,,,
2003-01-15,1.79,1.711419,1.79,2.0,1,3.301954,1.0,1.538305,1.386698,8.275843,0.549822,30.238176,7.048024,14.82906,0.94761,0.62483,0.6246,,7.799253,222.933954,8934.312893,0.773044,47.961315,80.030401,118.104238,2.210792,1175.446978,96.88613,3.280258,0.585218,0.397227,10.480934,3.799968,6.921556,1.860708,1.0,53.515052,3.81864,3.365712,31.90343,3.749765,8.692336,1.733868,0.62483,219.835799,39.093344,42.694849,1.668397,34.490237,1,1.700728,8.766008,3.271507,78.506698,7.107546,4.835773,10.131342,0.73877,113.368516,3.67246,133.535056,58.287194,1.856071,0.3765,1040.110203,1.737646,7.564231,48.136424,5.451188,2.0,714.500381,2927.998478,381.467794,104.752043,177.721,20.49734,4.630822,8.340652,2.024064,0.625349,23.112103,1969.66559,7.617357,194.955349,17.023276,36.17737,3124.27,7979.156375,51.15058,0.7093,77.091267,3931.217937,467.383622,0.299952,156.975109,10652.251568,1511.774871,8.803211,1.213979,6.286063,1131.512445,8.033041,263.528406,28.287954,11.77,86.330325,8.803211,129.33593,14.644689,76.879156,0.384497,3.491397,3.956014,58.211842,7114.307429,3.64,7.629745,5.64524,2019.741592,2632.699981,8.792922,51.749952,8.801767,1.340253,2.22776,6.2505,992.808284,5.357401,1866.386211,15483.66901,130.664084,3.180401,622.130518,2.709481,623.177845,4548.444329,55.333921,592.910887,1929.488885,374.32833,2.120445,46.427133,13.917063,58.297929,513.3403,9063.404902,3.014611,1864.022421,178.754513,,,,,,,,,,,,,,,,,,,,,,,,,,,,,,,,,,
2004-01-15,1.79,1.296937,1.79,2.0,1,2.817075,1.0,1.294399,1.241459,8.275686,0.464345,25.788374,5.9032,12.398116,0.794207,0.548134,0.548488,,7.763427,210.720051,8372.369561,0.7106,45.448367,69.829838,106.161829,2.200089,1187.205603,97.407268,2.733043,0.534199,0.342142,10.852783,3.800452,6.785372,1.483339,1.0,55.517313,3.753067,3.245704,28.885463,3.749765,7.27154,1.69546,0.548134,187.849363,32.37402,39.032017,1.336081,33.683425,1,1.598732,7.226917,2.891704,71.997203,6.108861,4.427957,8.791548,0.668709,94.44535,3.67246,113.827387,58.950201,1.547816,0.3765,1059.84667,1.695653,7.7995,45.528026,4.433036,2.0,570.562954,2723.067237,418.499315,87.267115,177.721,34.993976,6.165028,8.545781,1.72213,0.547724,30.062456,2003.364231,8.039168,178.050171,17.638389,40.861085,3109.21,8305.678031,60.635325,0.7088,76.227016,3968.297066,389.369213,0.294742,141.262101,10443.722344,1514.488252,7.180315,1.252032,5.689699,1119.9962,7.996093,264.226741,25.73835,11.77,105.989124,7.180315,140.007441,15.219995,72.96084,0.384497,3.45989,3.271244,57.230804,6038.138511,3.64,7.326513,5.177307,2447.316135,2617.957872,8.750564,52.323853,7.181447,1.20958,2.036975,6.2505,1054.152253,5.334745,1940.874819,15641.863705,110.794089,2.850786,520.314298,2.670865,519.158686,4685.184697,809.383024,554.513216,2165.797244,374.479336,2.154367,42.332639,13.120424,48.566996,553.618726,8690.253228,2.783146,972.935747,177.913227,29.357739,,,,,,,,,,,,,,,,,,,,,,,,,,,,,,,,,
2005-01-14,1.79,1.317618,1.79,2.0,1,2.707039,1.0,1.214941,1.182087,8.275578,0.446301,23.154209,5.680366,11.970789,0.763115,0.534889,0.534925,,7.795831,188.226946,9145.889716,0.699744,43.617638,62.768314,102.328916,2.199656,1043.029377,97.067402,2.637537,0.534415,0.329386,11.241247,3.800158,6.247682,1.431679,1.0,55.79391,3.103353,2.88992,28.007118,3.749975,6.909637,1.637671,0.534889,182.417709,29.494746,38.71408,1.351389,31.904799,1,1.916399,6.030743,2.948101,72.266157,5.734144,4.362487,8.481832,0.656307,91.053114,3.672395,96.433764,59.963843,1.494053,0.3765,1069.275338,1.638588,8.042272,43.61512,4.441186,1.99,569.181875,2333.059077,460.642868,84.227332,177.721,29.005639,5.930392,8.648303,1.661963,0.535411,29.3012,2821.163506,7.767823,178.530041,18.636083,36.251548,1462.582171,8836.36697,61.385708,0.70901,77.7516,3850.588588,375.806279,0.291973,129.954135,10836.378199,1514.623595,6.034111,1.268231,5.584169,1212.154098,8.027287,260.338898,28.306812,12.285,108.452045,6.034111,132.62451,16.196406,70.647798,0.384497,3.264363,3.056467,59.467226,6249.254698,3.64,7.247002,5.471898,2405.813712,3109.256993,8.751746,52.197753,6.032269,1.229399,1.929033,6.23775,1071.999687,5.307698,1716.497667,15770.478497,107.089767,2.715098,500.683097,2.69786,500.683097,4767.29552,5652.4271,484.160678,2177.768383,429.303738,1.822711,40.998165,12.465066,46.875258,555.485972,9058.867084,2.784995,1061.48499,184.212216,25.758992,47.006115,,,,,,,,,,,,,,,,,,,,,,,,,,,,,,,,
2006-01-16,1.785,1.326614,1.79,2.0,1,2.283255,1.0,1.159976,1.276854,8.068717,0.475658,23.766077,6.157366,12.955456,0.825142,0.564513,0.565478,,7.753045,206.592243,9442.698488,0.724057,44.186918,61.212021,114.801784,2.200008,983.627073,102.170126,2.850727,0.577404,0.354553,10.566177,3.743673,6.644487,1.432004,1.0,52.522809,3.145063,3.00173,28.368744,3.750105,7.69969,1.632312,0.564513,198.642717,30.902514,39.628475,1.334668,31.942065,1,2.15,5.992769,3.057074,73.180322,6.099625,4.610503,9.032672,0.691399,99.311765,3.67265,102.939109,66.332494,1.608994,0.37635,985.761448,1.649438,8.000297,44.211647,5.306748,1.98,525.304447,2272.229753,498.343307,91.035337,177.721,34.325291,5.728731,8.724836,1.7083,0.565859,28.650549,4307.582183,7.635146,190.011143,18.894131,42.404301,1469.66032,9100.175405,63.478734,0.70875,71.977031,4005.49754,406.182299,0.291956,133.260142,10777.415456,1504.52926,6.044969,1.327806,6.51,1229.006555,7.996171,278.275562,30.576198,12.8,123.875439,6.019486,129.250392,16.771783,71.255933,0.384497,3.450758,3.025465,59.812114,6122.516405,3.64,7.164438,5.41776,2377.506292,1680.003294,8.75017,52.210161,6.043941,1.335722,2.04407,6.25175,1186.000239,5.087515,1813.627221,15901.044171,110.950367,2.726023,547.960547,2.69005,542.463052,3232.503918,92527.889696,456.017169,2154.959697,441.258254,1.800693,41.201618,12.840068,50.664135,546.598756,7235.032398,2.78501,1144.707728,194.487786,24.230644,49.001857,,,,,,,,,,,,,,,,,,,,,,,,,,,,,,,,
2007-01-15,1.7825,1.275762,1.79025,2.0,1,2.137627,1.0,1.168376,1.247014,7.793193,0.447795,21.473779,5.761334,12.123831,0.773308,0.509755,0.5092,,7.799158,195.038657,9108.976426,0.70323,44.282433,70.311413,120.488787,169.927309,938.835751,108.370605,2.668109,0.541073,0.33187,10.947616,3.508525,6.440378,1.440208,1.0,48.877789,2.989954,2.615177,26.644392,3.7504,7.021495,1.54205,0.509755,,26.867248,35.93602,1.427637,32.760927,1,2.15,7.215278,3.074487,71.561614,5.661972,4.212051,8.56476,0.670273,92.381059,3.67275,94.646263,69.951102,1.505639,0.3765,1000.919648,1.542137,7.980889,44.257143,6.264938,1.9925,539.162801,2208.927095,516.696407,85.203616,177.721,33.615618,5.701916,8.790905,1.67701,0.508809,28.01368,5563.342447,7.667331,189.967015,18.9175,37.568501,1318.8414,9221.772313,66.673083,0.7088,69.589102,4013.348474,380.162275,0.289044,125.085552,9702.633336,1509.838828,7.239564,1.275104,6.51,1162.499127,8.032551,268.766743,33.342864,12.8,138.642749,7.218564,128.27011,17.888384,70.182834,0.384497,3.187586,2.922481,60.892862,5246.08295,3.64,7.294149,5.443635,2974.662619,1377.635121,8.750386,52.981082,7.237842,1.309016,2.075657,6.2505,1274.709736,5.065004,1806.794108,16023.96229,106.690037,2.766638,499.763883,2.684609,507.316388,4244.396728,251.217115,446.351957,2142.173936,485.437263,1.713054,38.079612,12.986798,47.418592,549.040014,6674.279484,3.213066,1240.336914,195.749799,27.052293,48.978934,,,,,,,,,,,,,,,,,,,,,,,,,,,,,,,,
2008-01-15,1.7825,1.118032,1.79025,2.0,1,1.743074,1.0,1.015628,1.090768,7.240337,,17.421711,5.009122,10.492928,0.673732,0.508648,0.508567,,7.797841,170.648924,9430.991485,0.663472,39.213139,64.053473,107.167164,142.463914,935.539844,108.244874,2.319495,0.470645,,10.917055,3.258143,5.281881,1.281216,1.0,40.459966,2.400779,2.490387,24.353391,3.74995,6.32407,1.428728,0.508648,,22.472563,29.768239,1.15216,32.213059,1,2.1473,6.789172,3.139105,67.148269,4.93795,3.70004,7.644404,0.62719,80.506856,3.67275,81.091533,68.41289,1.313862,0.37625,1085.311247,1.484231,7.576234,39.157502,5.971547,1.9875,472.082997,1953.589381,494.784827,74.070939,177.721,33.765646,5.461134,9.0707,1.529016,0.508196,24.761346,4294.508962,7.677424,202.537764,18.905,37.344495,1214.146163,9260.489174,71.517372,0.7092,67.616461,3959.073515,330.490394,0.272774,120.447801,9284.478013,1507.153383,6.81726,1.220396,6.51,1170.117489,8.021873,246.18709,28.18038,12.7975,139.799589,6.758205,122.805964,18.3278,66.628139,0.384497,3.004574,2.737999,62.45349,4922.798758,3.64,7.168679,7.990636,2950.188822,1340.181269,8.751905,51.056865,6.818872,1.19616,1.927936,6.2505,1150.258476,5.057496,1701.864636,15964.981537,94.249916,2.587586,473.376822,2.667895,440.351812,3707.748322,29998.479524,303.090299,2149.196702,539.796912,1.590292,34.116616,11.141524,41.222894,544.579671,14068.401309,3.470467,1290.769851,198.649937,27.059923,61.780128,74.837194,1776.998993,,,,,,,,,,,,,,,,,,,,,,,,,,,,,,
2009-01-15,1.7875,1.513038,1.79025,2.0,1,2.377894,1.0,1.25373,1.123475,6.837134,,20.807231,5.687348,12.015583,0.761755,0.683706,0.683994,,7.761344,214.02947,11219.029266,0.699882,48.849201,128.363023,89.54442,142.428405,1383.348801,113.852994,2.638747,0.537679,,14.161529,3.593313,7.183556,1.865515,1.0,47.383218,3.232404,3.28363,32.456777,3.75035,8.365204,1.496906,0.683706,,,34.875811,1.61826,33.38491,1,2.1473,10.130865,3.451425,71.867808,5.6252,3.87927,8.479588,0.662101,90.598663,3.673,95.411252,68.365832,1.494701,0.3765,1130.943614,1.51616,7.00778,48.638851,8.007803,1.9875,625.119348,2251.156198,552.231895,84.265953,177.721,35.347904,5.517929,9.673056,1.803415,0.685212,26.546721,4835.964758,7.7993,202.875923,18.905,38.657171,1152.281286,9978.173711,80.504954,0.709,79.95043,4107.0824,375.978601,0.287873,121.434698,8489.977149,1502.365541,10.123566,1.278985,6.51,1324.807016,8.003138,257.855397,32.2685,12.8,142.789298,10.06455,149.363805,18.949517,73.869604,0.384497,3.004574,2.633906,78.848559,4941.994949,3.64,7.709751,16.699931,3009.947757,1414.447161,8.742523,46.048319,10.122731,1.3722,2.171667,6.263,1309.953015,8.734943,1977.047976,17479.942912,115.374775,3.064598,503.702279,2.622191,497.177269,5049.990623,15005.851281,304.752218,2654.020512,591.86472,1.664931,39.577758,10.499586,46.896752,564.092331,14361.03355,3.473172,1406.893389,200.024816,23.099965,64.657796,74.950398,1896.993519,47.068668,0.804006,1.484856,1.291391,25.430174,70.722662,2.210909,2.750017,,,,,,,,,,,,,,,,,,,,,,
2010-01-15,1.791,1.0827,1.79025,2.0,1,1.768728,1.0,1.028324,1.026472,6.827672,,18.047238,5.176319,10.887698,0.695564,0.613909,0.614426,,7.759663,185.912467,9204.811705,0.672895,45.736617,125.173117,90.86287,143.07915,1122.920315,114.210148,2.402115,0.490923,,12.700857,3.340084,5.67421,1.355571,1.0,45.836725,2.810561,2.855773,29.522526,3.750025,7.057144,1.390611,0.613909,,,32.875586,1.454811,31.799103,1,4.29465,7.405552,3.799389,72.272552,5.069846,3.680691,7.876451,0.636631,83.084566,3.67275,96.023729,69.219843,1.360662,0.376495,1138.357141,1.390488,6.972002,45.678096,6.677484,1.9875,491.723949,1964.13667,560.682446,76.709336,177.721,36.15538,5.425379,10.765057,1.874722,0.612947,26.229205,4985.809246,8.372118,203.516622,18.9225,40.00648,1153.686994,9908.11246,88.879403,0.708875,75.876635,4158.195819,342.262418,0.286462,148.101803,8476.765758,1505.745892,7.399922,1.233101,6.51,1454.502428,8.002427,260.375092,29.300012,12.8,146.273645,7.402948,151.400022,19.32891,71.524987,0.384497,3.004574,2.692221,84.381302,4692.501287,3.64,7.903524,11.109519,3915.0008,1499.996515,8.750181,45.399996,7.398948,1.317498,1.885905,6.31525,1343.498803,8.058933,1932.5008,18460.007374,95.400056,2.570598,481.224835,2.650373,456.024835,4457.116669,15180.66886,377.468003,2838.435185,897.64735,1.706756,44.224401,12.281525,42.691248,570.637752,16356.853451,4.371803,1524.460832,205.749882,19.450012,70.523143,89.767484,2004.655886,47.91174,0.802365,1.361961,1.41738,29.99485,67.078482,2.229614,2.709532,,,,,,,,,,,,,,,,,,,,,,
2011-01-14,1.79075,1.012165,1.79025,2.0,1,1.684459,1.0,0.992355,0.965852,6.589954,,18.272376,5.581048,,0.74879,0.630565,0.630468,,7.774875,206.781799,9032.00889,0.69393,45.430631,116.14071,82.947833,142.991032,1117.038644,110.718919,2.586561,0.526145,,12.120998,3.061176,5.868863,1.303467,1.0,44.331827,2.906585,3.195735,29.918771,3.750125,6.702935,1.289092,0.630565,,,30.486367,1.553044,29.023899,1,4.29465,6.950323,3.975206,73.4965,5.544323,3.555251,8.36439,0.645898,90.296869,3.67275,103.522252,71.06378,1.46514,0.3765,1134.526085,1.288844,7.002483,45.33633,6.646227,1.9875,489.880301,1870.077212,501.162364,82.599446,177.721,37.339756,5.796381,12.716792,1.822206,0.630909,28.226627,7228.535524,7.970429,205.541801,18.92,40.234542,1178.046719,10383.75618,86.907098,0.708375,80.794812,4040.660312,368.542962,0.281132,146.891759,8070.033561,1501.53798,6.902734,1.250634,6.51,1236.7364,8.010666,283.53712,30.490626,12.8,151.07829,6.927484,153.253061,19.831721,71.202669,0.384497,2.787974,2.630779,85.59049,4661.066192,3.64,7.77682,12.598762,4188.08492,1604.683864,8.74537,47.040683,6.923433,1.439066,1.853466,6.31525,1479.710975,7.950005,2357.503944,19500.048618,94.23019,2.349064,498.745188,2.690866,491.395178,4750.00415,15180.700386,364.088621,3009.924313,907.013192,1.809107,47.357528,12.407531,45.969286,593.191152,18490.662447,4.401532,1657.517417,214.275306,19.950018,72.455476,92.580015,2085.008188,43.025065,0.7969,1.466901,1.487002,32.650101,78.512712,2.503706,2.715004,2.829301,,,,,,,,,,,,,,,,,,,,,
2012-01-16,1.79,0.969484,1.78995,2.0,1,1.784053,1.0,1.01882,0.954476,6.318241,,20.212393,5.870058,,0.789329,0.653053,0.652805,,7.768546,245.183327,9181.33288,0.621701,51.417304,125.664637,76.760254,900.0,1152.095946,113.86194,2.726095,0.55237,,13.550734,3.139481,6.056633,1.259974,1.0,43.83671,3.469812,3.407871,31.729536,3.75025,7.001249,1.290767,0.653053,,,31.894739,1.853426,30.034158,1,4.29635,8.092446,4.310469,76.603621,5.967267,3.854438,8.745038,0.654235,94.205944,3.67285,108.95591,83.628843,1.545032,0.376515,1286.92559,1.291139,6.884109,51.373261,7.512701,1.97425,501.94616,1838.344512,504.121198,87.066457,178.810497,38.694972,6.035741,17.30325,1.806137,0.65289,29.493933,6970.960408,7.812664,201.816275,19.04416,40.348242,1169.449756,11268.517676,86.236339,0.70925,86.774928,4044.76663,388.354831,0.27965,148.264807,8002.24424,1506.5,8.089085,1.240301,6.459999,1408.229208,8.00132,286.624803,29.599988,14.07,162.749764,8.090361,161.759869,23.027127,82.18248,0.384774,2.694001,2.109703,90.319789,4608.75,3.64095,7.262802,13.907114,4364.999211,1625.884597,8.748366,53.861433,8.088348,1.527642,1.752946,6.324275,1579.139766,8.023948,2419.178706,21001.868737,92.643414,2.421499,517.80629,2.699649,517.7827,5132.34613,370.28901,388.924367,8433.911071,909.797189,1.672302,46.797474,11.88917,48.505829,599.687303,19327.495266,4.758112,1805.424676,219.245983,19.448637,72.374961,94.967291,2242.43352,46.298565,0.786127,1.545871,1.715198,27.319171,82.477654,2.67327,3.262404,2.850297,0.021176,,,,,,,,,,,,,,,,,,,,
2013-01-15,1.77898,0.946937,1.790033,2.0,1,2.034135,1.0,0.984336,0.926833,6.226718,,19.210709,5.602651,11.760122,0.750729,0.622565,0.622565,,7.752096,221.685095,9638.872924,,54.59106,128.431249,88.883001,900.0,1056.1765,126.442743,2.5924,0.523208,,12.630026,3.010275,5.558411,1.190587,1.0,40.598555,3.085136,3.270189,30.273041,3.750299,6.483723,1.225687,0.622565,,,30.02358,1.769473,28.986934,1,4.294335,8.780187,4.947965,78.277171,5.672991,3.728477,8.383568,0.65045,89.563962,3.673006,104.557501,79.948838,1.467993,0.376827,1512.6975,1.225708,6.993754,54.605949,7.930673,1.996343,474.239378,1761.340676,499.034402,83.695874,177.616625,40.387869,6.571977,18.3213,1.759817,0.624045,32.3629,7046.3875,7.903976,201.968332,19.91192,42.176251,1164.9375,12287.44,92.717394,0.709502,86.823119,4000.875,368.865009,0.281633,150.932514,7961.94,1506.72382,8.768358,1.25829,858.739875,1387.5,7.991109,301.7875,30.631642,15.401125,324.363333,8.761118,156.924591,24.115318,87.523424,0.384976,2.545804,2.102251,97.380891,4191.433084,3.640449,7.120746,13.030916,4330.501083,1597.665,8.753209,71.045113,8.769034,1.551365,1.739264,6.401798,1600.173,8.145024,2677.64703,20856.39066,91.070001,2.29035,492.640853,2.70195,492.614249,5232.196666,,406.246662,8676.836667,919.554894,1.656775,47.401133,12.181808,47.091259,624.114125,18426.8275,4.765367,1990.234326,214.973547,19.299035,74.303333,95.871667,2244.85375,51.623399,0.7849,1.468788,1.905408,29.576667,83.995482,4.413583,3.275,2.8495,0.02082,0.070443,22.687419,0.622565,0.823119,322.387247,,,,,,,,,,,,,,,
2014-01-15,1.789,1.122476,1.79075,2.0,1,2.35933,1.0,1.093336,0.90721,6.065668,,20.14637,5.479194,11.67485,0.735045,0.610895,0.610895,,7.754306,220.3218,11996.783333,,61.49411,115.731,104.3708,900.0,1061.556667,130.704199,2.535862,0.514853,0.683602,13.17774,3.284559,6.131593,1.199635,1.0,45.02619,3.051523,3.321288,33.38422,3.750543,6.470755,1.272007,0.610895,,,32.85422,2.190204,30.12775,1,6.291468,10.86972,6.705636,78.516781,5.596737,3.486342,8.240169,0.652044,87.74875,3.672776,103.293299,77.70981,1.438619,0.377014,1547.4859,1.271661,6.910793,61.535463,8.9402,1.994244,529.345503,1939.966667,500.084802,80.74565,177.91144,42.79206,6.962371,19.15744,1.879787,0.610895,38.11412,7015.476667,7.844148,203.944999,20.05319,43.08293,1168.209984,24763.0013,106.3382,0.707053,85.92343,3994.902167,361.297541,0.282861,155.073199,8026.303333,1505.61,10.87742,1.247627,984.40702,1693.0,7.987184,288.6615,30.26912,15.42312,440.247097,10.8787,159.557199,25.37918,98.58157,0.384992,2.804303,2.499189,105.469499,4616.366673,3.641222,7.20815,12.02278,4318.333333,1102.698967,8.75013,141.673749,10.87412,1.657938,1.859682,6.399731,1616.43,8.331061,2509.15,21085.033333,95.63,2.322712,481.969121,2.70124,481.719842,5253.075255,,406.807498,9588.181667,924.708167,1.7589,49.43725,13.09155,45.25942,681.82662,18051.234,4.774125,2202.183317,215.085501,21.23875,84.5,97.621249,2264.501667,56.089925,0.7843,1.436621,2.383642,30.07135,84.84569,5.695277,3.283333,2.849167,0.02266,0.0011431707,22.682881,0.610895,0.826812,322.355006,15.002825,0.04963735,0.00080483,5.495875,,,,,,,,,,,
2015-01-15,1.78958,1.220159,1.79,2.0,1,2.646945,1.0,1.19655,1.019328,6.173942,,23.97644,6.374024,13.37255,0.860058,0.658714,0.658714,,7.753851,276.093099,12554.3,,62.01321,131.409199,116.3066,900.0,1080.448348,131.553399,2.948024,0.601843,0.683738,14.65445,3.571512,7.617613,1.280936,1.0,44.7115,3.690171,3.859256,64.969271,3.753294,8.095585,1.327637,0.658714,,,32.76222,2.303414,31.75767,1,6.322354,11.55237,8.594557,87.969969,6.590085,3.924819,9.331924,0.701228,102.56621,3.673106,119.995,77.9196,1.676976,0.377099,1574.158367,1.328302,6.90743,62.036075,9.548538,1.999712,623.997804,2411.78668,539.313902,94.603588,177.916001,44.4159,7.153466,20.25476,1.983087,0.658714,43.15978,6996.588333,7.653224,206.818127,20.99231,46.52923,1162.934233,27246.333333,114.7828,0.708768,91.36856,4069.21665,421.364577,0.293813,183.979,8113.738398,1510.213333,11.54956,1.21201,1028.56,1928.666667,8.010253,290.4749,32.14556,15.26228,463.259599,11.54956,185.083599,26.52376,99.74973,0.385,2.996831,2.599324,100.61702,4728.059993,3.640642,7.57902,14.15121,4210.0,719.337642,8.773969,181.355032,11.54946,1.90539,1.985525,6.380643,1761.449984,15.83346,2880.796667,21335.8,103.2725,2.438672,561.636558,2.70156,561.622158,5253.075255,,477.855999,14286.22848,926.46,1.7655,59.645851,16.61576,52.52769,690.7419,20786.85,5.24815,2429.54002,215.0102,24.732,91.49085,103.305376,2687.023333,57.900426,0.7843,1.675283,3.242891,32.40255,105.1365,5.971705,3.2875,2.85015,0.024679,0.0048250276,1.001413,0.658714,0.828573,322.355006,15.111325,0.0587988,0.00079165,6.54513,0.658714,0.658714,,,,,,,,,
2016-01-15,1.7888,1.457546,1.793333,2.0,1,4.041446,1.0,1.450447,1.001794,6.581306,,24.77065,6.841756,14.356925,0.916278,0.701436,0.701436,,7.791018,289.119,13899.533333,,67.617519,129.334699,117.143001,900.09,1213.56334,143.679199,3.108259,0.636769,0.683602,18.20036,4.412913,8.828566,1.546896,1.0,47.76356,4.088185,4.16056,77.476779,3.749131,8.571237,1.439381,0.701436,,,36.33095,3.04359,33.5978,1,6.32052,16.73883,13.3918,107.5437,7.028823,3.96722,9.872709,0.72284,109.348562,3.672836,127.5102,78.43487,1.792444,0.376826,1561.245,1.437734,6.904531,67.489516,11.656138,1.992984,731.018099,3288.480003,534.171598,101.033394,177.7,45.41669,7.829433,21.21623,2.155417,0.701436,39.5136,7715.6075,7.629358,206.045836,22.40909,58.008762,1087.456659,30012.0,120.256699,0.709522,102.3779,4034.4325,450.839795,0.304012,361.334691,8136.665,1505.904984,16.733825,1.387909,1297.367476,1993.166667,8.016443,342.0342,36.05695,15.293333,679.9158,16.72246,198.8423,27.80445,107.9864,0.385035,3.421736,3.0175,104.843701,5904.168333,3.641383,8.157965,12.917325,4165.0,621.349006,8.735095,219.967334,16.71936,2.035146,2.237797,6.413878,2172.011667,24.17604,3470.355,22403.166667,112.543749,2.542376,602.151956,2.70102,604.065296,5253.075255,,484.097503,19634.1,925.25,2.425175,75.887702,20.55169,56.45486,745.54625,22457.7,7.30445,2818.234986,214.99,30.70424,84.830002,155.549335,3210.603317,68.599999,1.568783,1.793231,3.865672,46.51,112.74226,6.097859,3.9925,3.501633,0.024602,0.0027332785,0.999825,0.701436,0.82345,322.322775,14.9985,0.0719225,0.000919,11.108325,0.701436,0.701436,1.0,,,,,,,,
2017-01-16,1.77685,1.338418,1.799996,1.999842,1,3.242009,0.999087,1.317697,1.011235,6.9015,,25.4855,7.014345,14.7294,0.943189,0.830559,0.830559,,7.755347,290.3415,13364.25,,68.1046,113.915,114.15525709,900.09,1183.17,149.861731,3.250403,0.661608,0.683602,21.695075,4.468,8.5298,1.40852,0.99901,50.0105,4.12675,4.246105,59.826508,3.75085,8.95115,1.429899,0.830559,,,35.43,3.810695,31.696,1,9.995002,13.683271,15.875,109.987377,7.10304,3.82907,10.062373,0.740056,112.871556,3.673097,129.416777,79.267045,1.8444,0.377027,1671.314879,1.429601,6.903854,68.139999,10.612112,2.008161,661.009278,2942.4,550.90904,104.45,178.92,46.500408,18.9275,22.563807,2.078197,0.830559,43.79,9391.85,7.539289,207.861001,22.849067,65.991053,1179.036141,32381.325,128.881191,0.7085,103.905,4060.366667,464.244811,0.30569,332.825868,8095.235256,1505.412443,13.591422,1.431304,1351.674087,2491.833333,7.979849,358.514045,35.9305,15.440022,722.745535,13.590195,313.984059,29.450078,108.870844,0.385009,3.370486,3.210398,104.719775,5728.977124,3.641199,7.872287,13.4575,7379.5,578.462373,8.742205,214.29,13.590508,2.326492,2.30813,6.713945,2225.185079,27.71221,3624.683069,22560.016667,108.851001,2.581105,618.744621,2.70255,620.215865,5252.024745,,485.665003,20026.25,1227.409639,2.68936,69.481501,20.08847,58.062903,833.37994,23087.65,7.907203,3263.859946,250.269142,28.793851,92.994573,165.9045,3297.059946,66.789,1.83285,1.844494,4.236251,70.584347,116.8,6.424375,7.467,3.499986,0.0252,0.001206794786,24.728383,0.830559,0.832479,322.322775,15.34,0.05944599,0.00083103,9.915104,0.830559,0.830559,1.0,1.953045,0.00134052,0.00101627,,,,,
2018-01-15,1.783652,1.256234,1.789995,2.0,1,3.2165,1.0,1.24287,0.963296,6.4379,,20.815647,6.072562,,0.815209,0.724944,0.724944,,7.82395,251.72,13401.697247,,63.5312,102.52,110.62004092,900.0,1062.85,153.779844,,,,18.8624,3.946,7.880199,1.370783,1.0,50.39053,3.402,3.782421,56.345,3.75045,8.016255,1.322429,0.724944,,,31.9175,3.801115,29.539,1,10.090356,12.301624,18.7355,114.0475,6.0598,3.400605,9.2156,0.69786,97.280255,3.673097,109.3,83.083127,1.59629,0.377005,1755.788054,1.321663,6.904314,63.44238,9.762727,2.008243,601.903008,2857.3,566.550059,90.875,178.57,48.514751,17.7315,27.382877,2.019802,0.724944,47.75,9015.0,7.346793,207.74838,23.647102,64.090266,1191.125723,35987.966156,124.169382,0.709302,103.0,4053.541667,404.083527,0.300686,328.863303,8309.2,1515.099713,12.31056,1.343857,1350.524087,2426.229118,8.051831,354.0,32.9,15.409873,726.784645,12.31056,359.882233,30.977753,101.50269,0.385005,3.210515,3.230403,110.680318,5666.227124,3.634949,7.772868,14.157,7663.973419,578.084728,8.742564,515.05499,12.306918,2.462303,2.24858,6.769921,2241.1,28.541702,3637.733069,22705.61573,105.851149,2.520052,534.741745,2.70255,534.741745,,,483.042452,,1613.322925,2.566637,69.289501,16.929162,50.194432,858.625711,20174.484746,8.817243,8132.65,250.306642,28.63742,127.226658,181.7745,3265.859946,70.32,1.7,1.594597,4.511099,58.885,96.339,7.008493,7.458,3.50998,0.0228,7.3658084e-05,25.5,0.724944,0.832675,322.355011,15.260528,0.05758718,0.00074536,9.8165,0.724944,0.724944,1.0,1.994956,0.00088656,0.00100251,6.434606,35.35,130.2634,20.55,
2019-01-15,1.775733,1.387594,1.800252,2.0,1,3.7174,1.0,1.326135,0.987313,6.761,,22.3725,6.539324,,0.876102,0.77691,0.77691,,7.843955,283.114038,14118.0,,71.1025,121.40024,108.65366667,900.0,1123.52,182.33,,,,18.971703,4.105513,8.53966,1.466086,1.0,52.048093,3.758927,4.101304,67.0484,3.7528,8.966717,1.355133,0.77691,,,31.9,5.443781,30.842893,1,248487.642241,13.73541,37.119,118.472934,6.507,3.66696,9.532864,0.715137,104.546742,3.673181,109.2,83.96,1.713565,0.376967,1821.0,1.576024,6.917848,71.066331,10.498033,2.01654,675.515926,3144.473113,602.255038,96.875,178.0,50.5,17.9165,28.51,2.11914,0.77691,49.55,9190.0,7.735758,208.988281,24.430006,78.303477,1190.0,42495.42864,129.68,0.709603,101.8,4020.0,431.627578,0.30299,378.84,8555.0,1507.5,13.74,1.385,1519.142636,2453.75,8.081868,357.0,34.218,15.487455,729.072842,13.735,364.0,32.55,113.704962,0.385014,3.336974,3.3605,139.0,6026.745353,3.6411,8.051088,13.64557,8390.0,584.5,8.753918,514.993266,13.77,2.960113,2.2551,6.79495,2305.3,28.175,3694.607118,23238.682727,110.79637,2.605378,574.685042,2.70255,574.685042,,,486.217326,,1631.0,2.665,68.708254,17.099961,53.912593,886.0,21050.59961,9.433601,8356.0,250.300682,32.66609,159.675217,310.283,3588.043712,75.3698,1.7025,1.711559,4.895,61.550925,103.690152,47.59,7.458,3.499986,0.024214,0.000278153824,25.75,0.77691,0.833732,322.355011,14.997491,0.06414173,0.00077537,11.911,0.77691,0.77691,1.0,2.15889,0.00075529,0.00124923,6.768838,36.2,130.2634,21.5,948.592686
2020-01-15,1.614506,1.447608,1.8,2.0,1,4.175566,1.0,1.303951,0.963744,6.8908,,22.490899,6.700578,,0.896672,0.766878,0.766878,,7.77245,298.65,13669.5805,,70.724,122.669971,109.885,900.0,1158.915,181.397168,,,,18.7978,4.072499,8.8584,1.510779,1.0,50.750743,3.79365,4.2863,61.3794,3.751393,9.4606,1.346017,0.766878,,,30.282,5.8769,29.947,1,248487.642241,14.387985,59.876,119.414877,6.675424,3.4559,9.571107,0.723838,107.001432,3.6732,109.43304,84.870246,1.753692,0.377045,1884.634684,1.346109,6.912944,70.769856,10.720986,2.015083,775.3,3287.382373,572.771488,99.166667,178.05,53.048792,15.86,32.03,2.1641,0.766878,51.1,9497.950813,7.712753,209.15756,24.908046,98.880848,1192.277324,42105.0,132.009516,0.709,101.151751,4055.507331,441.449909,0.303547,379.120017,8882.525786,1512.417469,14.389994,1.398767,1479.070343,2703.607818,8.002224,357.0,36.604121,15.45,734.33838,14.389994,362.072838,33.866949,113.231516,0.385026,3.322334,3.42252,154.753911,6513.397537,3.641,8.267992,13.700374,7488.043446,579.387847,8.747781,515.020024,14.386702,2.8125,2.29552,6.754757,2304.605217,24.004358,3670.295237,23166.111927,115.615049,2.629138,588.178277,2.70255,588.178277,,,478.865742,,1686.518449,2.885,69.65715,17.314613,55.14656,943.193502,21560.79,9.687258,9552.044515,250.300053,37.236771,191.549933,486.021,3713.887608,77.374725,1.7025,1.753911,5.686039,62.339997,105.355,45.124998,7.458,3.51,0.028043,0.000113437429,25.75,0.766878,0.833079,322.000001,14.999613,0.05550776,0.00064252,14.445809,0.766878,0.766878,1.0,2.121735,0.00043948,0.00097596,6.88904,37.496656,130.26,22.15,33474.855
2021-01-15,1.795382,1.298248,1.8,2.0,1,5.2931,1.0,1.273729,0.891394,6.4808,,21.67055,6.16055,,0.828137,0.736158,0.736158,,7.75335,298.315,14154.516,,73.1615,129.68,103.88498902,900.0,1104.26,193.03506,,,,19.8,4.0365,8.56965,1.402544,1.0,48.051662,3.75529,4.0366,73.502399,3.751191,8.410825,1.3303,0.736158,,,30.08651,7.4689,27.9973,1,,15.22758,85.73855,132.905339,6.2538,3.26898,8.9225,0.694001,98.823001,3.673,101.1,84.720424,1.617237,0.377002,1955.0,1.328664,6.876212,73.009639,11.028085,2.016237,734.799799,3459.027523,611.592473,91.385,178.05,58.355,15.660417,39.32,2.045,0.736158,51.75,10180.0,7.791941,209.247976,24.289999,74.009744,1462.5,42105.0,143.607105,0.709,110.05,4055.0,405.049923,0.30328,419.389849,9320.0,1523.306481,15.23,4.465,1329.762083,2857.285163,7.987905,356.999828,39.504947,15.4,775.0,15.19,381.2,35.02,116.815723,0.385024,3.61,3.5275,160.25,6865.890434,3.641,7.976313,21.204117,10192.938542,585.0,8.752362,512.816206,15.22,2.7,2.2793,6.779936,2319.574317,28.081133,3705.925485,23150.159959,108.157591,2.499866,543.222098,2.70255,543.222098,,,524.275269,,1970.0,3.3,83.77974,17.195519,51.02167,980.0,20466.377105,11.397692,10484.0,250.375001,42.405596,168.449978,657.502,3759.0,77.199999,1.700805,1.613641,5.87,74.75,97.345,55.325,14.154,3.505,0.02663,2.7162581e-05,25.75,0.736158,0.833546,322.0,14.999717,0.04036331,0.00054716,21.315281,0.736158,0.736158,1.0,2.568863,0.00041825,0.00093102,6.4815,36.385,130.26,20.5,1497940.5
2022-01-14,1.801714,1.38754,1.8,2.0,1,5.5349,1.0,1.25469,0.914214,6.3526,,21.4762,6.5197,,0.876017,0.731154,0.731154,,7.7849,312.57,14314.55,,74.15625,128.59,114.235,900.0,1190.26,202.81749,,,,20.305,4.1785,8.75175,1.468811,1.0,51.323449,3.97595,4.3303,76.2351,3.752142,9.026015,1.347775,0.731154,,,33.174919,13.5264,27.553,1,,15.374385,103.856881,139.973286,6.5865,3.10734,9.23,0.712476,104.536668,3.67299,106.55,85.892144,1.71293,0.377039,2008.5,1.345334,6.883075,74.094295,11.517564,2.015155,819.71,3980.185454,636.662626,96.7,177.675,57.85,15.691291,49.5,2.1155,0.731154,53.05,9080.0,7.705409,209.153844,24.525,103.654227,1460.0,42250.0,154.687829,0.7091,113.4,4075.0,430.624801,0.30192,435.283895,11290.0,1511.101779,15.35,4.575,1777.51522,2860.505582,8.016289,,43.8,15.45,817.5,15.35,414.29,35.4,118.551024,0.385011,3.8685,3.5305,176.15,6956.759659,3.641,8.080873,13.011164,11370.450039,585.0,8.747992,2512.0,15.39,2.885,2.279855,6.785827,2307.0,27.73903,3523.986733,22716.948015,113.203707,2.599432,574.629664,2.70255,574.629664,,,481.763527,,2008.0,3.085,84.789552,17.990556,53.768386,1037.823705,21108.640504,11.29205,10854.0,250.249937,44.568812,149.375005,530.0,3965.0,105.09999,1.7,1.707373,6.17,63.849999,103.006966,437.0,21.303,3.5,0.029707,2.3206717e-05,25.75,0.731154,0.833071,322.0,15.00001,0.04355408,0.00055023,17.12026,0.731154,0.731154,1.0,2.577781,0.00053189,0.00102708,6.357895,36.4,130.26,21.68,4.6301
2023-01-16,1.80232,1.435556,1.8,2.0,1,5.1475,1.0,1.339947,0.92561,6.7336,,22.166,6.8687,,0.923387,0.819105,0.819105,,7.81075,368.254538,15125.5,,81.65285,142.66,128.34275,900.0,1241.705,366.013413,,,,18.78142,4.316,9.906822,1.56514,1.0,54.589999,4.33335,4.5545,68.752157,3.756012,10.415075,1.320111,0.819105,,,33.028404,18.780799,30.365,1,,17.05824,182.183376,136.440149,6.957546,3.409188,10.131158,0.741692,110.189333,3.67299,107.531452,103.963841,1.8071,0.377012,2073.734099,1.320267,6.910295,81.712997,12.739364,2.015776,823.059206,4687.587971,570.955013,101.846375,177.827972,56.581936,29.6481,53.631151,2.1721,0.819105,62.175,8616.285657,7.850295,209.231205,24.672567,148.005821,1459.551287,41634.0,152.920585,0.7093,123.9,4105.155711,454.825025,0.305325,463.469167,16869.018827,1512.290494,17.109342,4.758466,2100.072178,3406.965265,8.045462,,43.69,15.4,1021.650099,16.82,457.356405,36.542496,130.740963,0.384979,3.81266,3.524375,228.883417,7403.330848,3.654148,8.299327,13.699047,17665.0,568.506714,8.75067,2512.53,17.105647,3.0715,2.325985,6.791702,2332.0,36.746348,3675.115506,23441.16397,118.044,2.69755,605.701913,2.70255,605.701913,,,396.329417,,2062.071624,2.66,85.68,19.000653,56.928373,1070.539385,22823.990504,10.210407,11342.514003,250.299958,39.657455,154.874949,503.77,4477.435351,90.0375,1.7,1.806504,12.000443,63.850001,108.312171,582.0,31.675,3.51,0.029815,4.7187507e-05,25.75,0.819105,0.83341,322.0,15.0,0.04115481,0.00052138,18.425637,0.819105,0.819105,1.0,2.524153,0.00056962,0.00093832,6.74151,36.38169,130.26,22.62945,19.427684
2024-01-15,1.800467,1.503703,1.8025,2.0,1,4.8637,1.0,1.343648,0.856027,7.1073,,22.564001,6.8151,,0.913662,0.786436,0.786436,,7.82305,346.27675,15556.970892,,82.859651,136.34,145.7965,900.0,1320.455,321.991648,,,,16.899801,4.6695,10.360098,1.61547,1.0,55.755,3.993791,4.5447,87.719298,3.75008,10.331221,1.334008,0.786436,,,34.97,30.094801,31.2115,1,,18.679089,817.722037,134.686952,6.883655,3.75255,9.945147,0.747684,109.028877,3.6729,94.692658,109.641662,1.78628,0.376945,2846.608795,1.332086,6.902752,82.78727,13.51788,2.01369,909.090909,3923.485812,519.230327,100.638873,177.827972,58.549191,30.9432,56.50043,2.22325,0.786436,67.275,8585.637811,7.81173,209.172628,24.634466,131.51097,1308.840004,42082.5,155.331019,0.7095,158.869795,4076.967702,449.600106,0.307348,451.339299,20616.467037,15015.012338,18.659437,4.794371,2097.908478,3450.0,8.047825,,45.450808,15.4,1681.74078,18.659437,958.050681,36.580692,132.459898,0.384966,3.697406,3.73291,279.966002,7259.589952,3.643649,8.425461,13.332423,20969.5,570.893187,8.74093,2512.53,18.652855,3.0935,2.347041,6.784039,2511.93446,37.905735,3807.734931,24479.810029,118.722,2.8,599.322977,2.70255,599.322977,,,404.052759,,2742.207217,2.6775,89.32,17.639888,56.199123,1273.75476,22281.8,10.90895,12332.176186,250.375001,39.407368,189.05007,828.724,4555.236857,70.998951,1.7,1.785043,11.988317,63.875002,107.105,601.0,36.85,3.5,0.033003,2.3533418e-05,25.75,0.786436,0.832466,322.0,15.0,0.04315125,0.00048676,26.138821,0.786436,0.786436,1.0,3.269292,0.00102578,0.00109615,7.186915,39.614479,130.26,22.361155,35.92101
